날짜,종가
2010-01-04,0.1290884783797095
2010-01-05,0.1261007702008583
2010-01-06,0.1340571669814945
2010-01-07,0.12221999707724196
2010-01-08,0.1286121770758346
2010-01-11,0.12799515038672404
2010-01-12,0.1304416070838993
2010-01-13,0.11570332923786375
2010-01-14,0.12347570051473
2010-01-15,0.1321519617659952
2010-01-18,0.13755365155312105
2010-01-19,0.1367092992417066
2010-01-20,0.13896090540547845
2010-01-21,0.1430906542106658
2010-01-22,0.12270712341075019
2010-01-25,0.11504841494503582
2010-01-26,0.0972628912571647
2010-01-27,0.09084364868448813
2010-01-28,0.10001786129889523
2010-01-29,0.078367802031858
2010-02-01,0.08053822047337844
2010-02-02,0.07478471722316327
2010-02-03,0.08518215818615793
2010-02-04,0.08593991026050429
2010-02-05,0.05925621221388078
2010-02-08,0.05150007848146476
2010-02-09,0.061080229707128675
2010-02-10,0.0608799666589086
2010-02-11,0.07586722018651515
2010-02-12,0.07362102653756009
2010-02-16,0.0776208749871452
2010-02-17,0.09189908907375632
2010-02-18,0.08852167982809844
2010-02-19,0.07375092689316232
2010-02-22,0.09172047608480316
2010-02-23,0.09269472875181994
2010-02-24,0.08399681744128762
2010-02-25,0.07029232992525303
2010-02-26,0.07411897790070188
2010-03-02,0.08523628333432542
2010-03-03,0.0891982441801934
2010-03-04,0.0869033378978874
2010-03-05,0.09576362465292232
2010-03-08,0.10954929989120832
2010-03-09,0.10997688856173227
2010-03-10,0.11074005315089541
2010-03-11,0.10769821982387662
2010-03-12,0.11101067889173333
2010-03-15,0.10384450927434408
2010-03-16,0.10303804456664689
2010-03-17,0.121900658703053
2010-03-18,0.11773843480896518
2010-03-19,0.12365972601849984
2010-03-22,0.11638530610477538
2010-03-23,0.12133775716211015
2010-03-24,0.12089934346195264
2010-03-25,0.12489377939672108
2010-03-26,0.1299436557207575
2010-03-29,0.12684228473075432
2010-03-30,0.13128054688049706
2010-03-31,0.12730776100499563
2010-04-01,0.14155350000270617
2010-04-02,0.1438917064035462
2010-04-05,0.14470358362606006
2010-04-06,0.1452989602559036
2010-04-07,0.1455749985115583
2010-04-08,0.14946118414999154
2010-04-09,0.14442213285558858
2010-04-12,0.13675259936024065
2010-04-13,0.13690956228992668
2010-04-14,0.1503001239465892
2010-04-15,0.1549440616593687
2010-04-16,0.14984547270198145
2010-04-19,0.13404634195186094
2010-04-20,0.1409364733135956
2010-04-21,0.1569304545971193
2010-04-22,0.1525679676548114
2010-04-23,0.15122025146543827
2010-04-26,0.15943103644246215
2010-04-27,0.15799672001602094
2010-04-28,0.1495315468426094
2010-04-29,0.14656007620820855
2010-04-30,0.1536721206774302
2010-05-03,0.14265765302532507
2010-05-04,0.1413261743804023
2010-05-06,0.12290197394415359
2010-05-07,0.1027620063109922
2010-05-10,0.11906991345388807
2010-05-11,0.11507006500430284
2010-05-12,0.11116764182141936
2010-05-13,0.12824412606829494
2010-05-14,0.1288124401240548
2010-05-17,0.10493242475251263
2010-05-18,0.10045627499905274
2010-05-19,0.09333340550019742
2010-05-20,0.0771499861980871
2010-05-24,0.0797209307360478
2010-05-25,0.055851740394139204
2010-05-26,0.06737498443901979
2010-05-27,0.08111194704395497
2010-05-28,0.08938226968396312
2010-05-31,0.09937918455051764
2010-06-01,0.0935066059743338
2010-06-03,0.11052355255822499
2010-06-04,0.11176301845126302
2010-06-07,0.09760387969062057
2010-06-08,0.1049161872080624
2010-06-09,0.10261045589612294
2010-06-10,0.10503526253403106
2010-06-11,0.11783044756085004
2010-06-14,0.12608994517122474
2010-06-15,0.12578143182666945
2010-06-16,0.13406257949631128
2010-06-17,0.13546442083385202
2010-06-18,0.1376456643050059
2010-06-21,0.1526545678918796
2010-06-22,0.14821630574213684
2010-06-23,0.14515282235585103
2010-06-24,0.1527574056733979
2010-06-25,0.14732865331218825
2010-06-28,0.14851399405705856
2010-06-29,0.13537782059678383
2010-06-30,0.13025216906531267
2010-07-01,0.12373008871111779
2010-07-02,0.11592524234535073
2010-07-05,0.11784668510530028
2010-07-06,0.12302646178493903
2010-07-07,0.11799823552016964
2010-07-08,0.1304416070838993
2010-07-09,0.14363190569234174
2010-07-12,0.149607322050044
2010-07-13,0.1501648110761702
2010-07-14,0.16257570755099926
2010-07-15,0.15893849759413703
2010-07-16,0.1519888285694181
2010-07-19,0.14847069393852463
2010-07-20,0.1510795260802026
2010-07-21,0.15757995637513045
2010-07-22,0.15040837424292441
2010-07-23,0.16260277012508306
2010-07-26,0.1685619489383351
2010-07-27,0.16815059781226138
2010-07-28,0.17094345545770928
2010-07-29,0.16954161412016866
2010-07-30,0.16329015950681147
2010-08-02,0.17570646849645744
2010-08-03,0.1802150933388179
2010-08-04,0.17948981635337213
2010-08-05,0.17656705835232211
2010-08-06,0.17655082080787177
2010-08-09,0.17998235520169725
2010-08-10,0.17508944180734687
2010-08-11,0.16267313281770102
2010-08-12,0.14294992882543
2010-08-13,0.15620517761167363
2010-08-16,0.15461931077036306
2010-08-17,0.160962778135605
2010-08-18,0.16472988844806957
2010-08-19,0.1742829770996498
2010-08-20,0.17206384602477842
2010-08-23,0.16782584692325586
2010-08-24,0.16393966128482262
2010-08-25,0.15000784814648416
2010-08-26,0.1472853531936542
2010-08-27,0.147177102897319
2010-08-30,0.16372316069215231
2010-08-31,0.15431620994062456
2010-09-01,0.16619126744859458
2010-09-02,0.17216668380629685
2010-09-03,0.17448865266268654
2010-09-06,0.18120017103546815
2010-09-07,0.1786671141012247
2010-09-08,0.1740556514773458
2010-09-09,0.17683768409316003
2010-09-10,0.18669928608929554
2010-09-13,0.19551086021097963
2010-09-14,0.1935569423621296
2010-09-15,0.19822794264899302
2010-09-16,0.19171668732443137
2010-09-17,0.2001060852904083
2010-09-20,0.20296389311365737
2010-09-24,0.21052517631266998
2010-09-27,0.2182271848969185
2010-09-28,0.21559670269597364
2010-09-29,0.2212690182239373
2010-09-30,0.22471137764739624
2010-10-01,0.22683308345556596
2010-10-04,0.22821868724865613
2010-10-05,0.22802924923006962
2010-10-06,0.24156594878678483
2010-10-07,0.2398880691935893
2010-10-08,0.2378421385928543
2010-10-11,0.23396677798405474
2010-10-12,0.22212960807980198
2010-10-13,0.2265191575961939
2010-10-14,0.23929810507856264
2010-10-15,0.24066747132720268
2010-10-18,0.22612404401457054
2010-10-19,0.21632739219623598
2010-10-20,0.22342861163582428
2010-10-21,0.22572893043294695
2010-10-22,0.23797203894845642
2010-10-25,0.24793106621129357
2010-10-26,0.24993369669349474
2010-10-27,0.24459154456935306
2010-10-28,0.24368765459495434
2010-10-29,0.23019966767159017
2010-11-01,0.2474060522740681
2010-11-02,0.24919218216359862
2010-11-03,0.2588968212300481
2010-11-04,0.2624311934053919
2010-11-05,0.260515163160259
2010-11-08,0.26238248077204107
2010-11-09,0.2651158007545046
2010-11-10,0.2761519184658766
2010-11-11,0.2474006397592513
2010-11-12,0.24652922487375284
2010-11-15,0.2469026883961093
2010-11-16,0.23895711664510688
2010-11-17,0.2378637886521212
2010-11-18,0.25450727171365617
2010-11-19,0.2615976661236109
2010-11-22,0.2634270961316755
2010-11-23,0.25509182331386626
2010-11-24,0.25348971892810546
2010-11-25,0.2544098464469545
2010-11-26,0.24040225810118143
2010-11-29,0.2370140238258901
2010-11-30,0.2419339997943245
2010-12-01,0.2552974988769031
2010-12-02,0.2666313049031971
2010-12-03,0.27042006527492857
2010-12-06,0.2684607349112619
2010-12-07,0.27326704806854407
2010-12-08,0.2695865379931476
2010-12-09,0.28757773724405566
2010-12-10,0.2860514080657296
2010-12-13,0.2917074860492429
2010-12-14,0.2984514795109251
2010-12-15,0.3030142295014532
2010-12-16,0.2985543172924435
2010-12-17,0.3077880675698349
2010-12-20,0.3045297336501457
2010-12-21,0.31362817105711815
2010-12-22,0.31418024756842755
2010-12-23,0.3138663217090555
2010-12-24,0.30957419745936543
2010-12-27,0.30556352398014675
2010-12-28,0.31158765297119995
2010-12-29,0.3170921805398442
2010-12-30,0.3211569791672303
2011-01-03,0.3314840574376071
2011-01-04,0.3396353047516466
2011-01-05,0.3382334634141061
2011-01-06,0.33555968109462697
2011-01-07,0.34020903132222313
2011-01-10,0.3372916858359899
2011-01-11,0.3413564844633762
2011-01-12,0.3449449817868874
2011-01-13,0.3419843361821203
2011-01-14,0.3521003263746435
2011-01-17,0.3475971140470996
2011-01-18,0.3457730965538518
2011-01-19,0.35617053751684635
2011-01-20,0.35128303663731264
2011-01-21,0.33139745720053904
2011-01-24,0.33802237533625223
2011-01-25,0.3404634195186108
2011-01-26,0.3533397922676812
2011-01-27,0.3558024865093069
2011-01-28,0.35193795093014046
2011-01-31,0.3312946194190206
2011-02-01,0.3325394978268753
2011-02-07,0.33779504971394847
2011-02-08,0.33127838187457026
2011-02-09,0.3182233961365467
2011-02-10,0.2981537911960034
2011-02-11,0.2812072073047299
2011-02-14,0.30145001271940963
2011-02-15,0.2992471191889886
2011-02-16,0.28765892496630696
2011-02-17,0.28122344484918027
2011-02-18,0.3006651980709797
2011-02-21,0.29642178645464023
2011-02-22,0.277272309032946
2011-02-23,0.2727853342498524
2011-02-24,0.26642562934016023
2011-02-25,0.2737595869168691
2011-02-28,0.26069918866402875
2011-03-02,0.254712947276693
2011-03-03,0.2776728351293861
2011-03-04,0.29608621053600126
2011-03-07,0.2828742618682917
2011-03-08,0.29156134814919044
2011-03-09,0.29434879327982155
2011-03-10,0.2835833013092871
2011-03-11,0.26948911272644593
2011-03-14,0.2779813484739414
2011-03-15,0.2523747408758531
2011-03-16,0.2708043538269186
2011-03-17,0.2713780803974949
2011-03-18,0.2833397381425332
2011-03-21,0.2954042336690895
2011-03-22,0.30094664884145106
2011-03-23,0.30014559664857077
2011-03-24,0.31346038309779856
2011-03-25,0.32280238367152514
2011-03-28,0.32407432465346353
2011-03-29,0.3325936229750429
2011-03-30,0.3430127139973046
2011-03-31,0.35130468669657955
2011-04-01,0.35904999539936233
2011-04-04,0.356267962783548
2011-04-05,0.36414858435674946
2011-04-06,0.36213512884491517
2011-04-07,0.3596616095736561
2011-04-08,0.3628171057118267
2011-04-11,0.359796922444075
2011-04-12,0.3419410360635863
2011-04-13,0.35954253424768734
2011-04-14,0.36990208760696464
2011-04-15,0.36959898677722614
2011-04-18,0.368094307658167
2011-04-19,0.35995388537376105
2011-04-20,0.3855171928533153
2011-04-21,0.4010132227736972
2011-04-22,0.40062352170689064
2011-04-25,0.410463473643759
2011-04-26,0.40521333427150263
2011-04-27,0.40542983486417283
2011-04-28,0.406322899808938
2011-04-29,0.39766828861694015
2011-05-02,0.417478092846279
2011-05-03,0.40219856351856753
2011-05-04,0.3913248212516981
2011-05-06,0.3733606845748739
2011-05-09,0.36887912230659736
2011-05-11,0.38374188799341835
2011-05-12,0.3599376478293109
2011-05-13,0.35854663152140376
2011-05-16,0.3499407329627563
2011-05-17,0.34898271784018997
2011-05-18,0.367044279783716
2011-05-19,0.3452480826166261
2011-05-20,0.35390269380862416
2011-05-23,0.3237062736459241
2011-05-24,0.3269808451100634
2011-05-25,0.31296784424947355
2011-05-26,0.3432995772825925
2011-05-27,0.347808202124953
2011-05-30,0.34431713006814346
2011-05-31,0.37066525219612767
2011-06-01,0.3700536380218341
2011-06-02,0.35536407280914906
2011-06-03,0.3549689592275257
2011-06-07,0.3475213388396651
2011-06-08,0.3386664645994467
2011-06-09,0.3322093344230529
2011-06-10,0.3188133602515736
2011-06-13,0.3199337508186427
2011-06-14,0.3351375049389197
2011-06-15,0.3403876443111763
2011-06-16,0.3187917101923067
2011-06-17,0.3108353134116705
2011-06-20,0.3041887452166899
2011-06-21,0.31962523747408744
2011-06-22,0.32813912328085004
2011-06-23,0.3237874613681754
2011-06-24,0.3427042006527491
2011-06-27,0.3315977202487591
2011-06-28,0.32760328431399055
2011-06-29,0.34465811850159944
2011-06-30,0.34805176529170734
2011-07-01,0.36161011490768924
2011-07-04,0.37219699388927074
2011-07-05,0.3811005807628397
2011-07-06,0.3862099947498606
2011-07-07,0.3912977586776144
2011-07-08,0.39116785832201206
2011-07-11,0.3786162364619471
2011-07-12,0.35294467868605783
2011-07-13,0.3637209956862256
2011-07-14,0.3639537338233464
2011-07-15,0.3721428687411029
2011-07-18,0.3641756469308334
2011-07-19,0.3640295090307809
2011-07-20,0.3774200706874432
2011-07-21,0.37205626850403484
2011-07-22,0.38623164480912753
2011-07-25,0.375000676564352
2011-07-26,0.38486227856048727
2011-07-27,0.3878986993726895
2011-07-28,0.37790719702095166
2011-07-29,0.3656532634758086
2011-08-01,0.3868161964093376
2011-08-02,0.359190720784598
2011-08-03,0.3294164767776052
2011-08-04,0.30355006846831245
2011-08-05,0.26310775775748685
2011-08-08,0.222892772668965
2011-08-09,0.18603354676683415
2011-08-10,0.18868026651222947
2011-08-11,0.19474228310699992
2011-08-12,0.1816818848541597
2011-08-16,0.2285326131080282
2011-08-17,0.23546063207348034
2011-08-18,0.2180918720264996
2011-08-19,0.1554690755965944
2011-08-22,0.13696909995291107
2011-08-23,0.172680872713889
2011-08-24,0.1608274652651861
2011-08-25,0.1661317297856102
2011-08-26,0.17390951357729334
2011-08-29,0.2012697759760116
2011-08-30,0.20902049719361093
2011-08-31,0.22866251346363053
2011-09-01,0.22898185183781938
2011-09-02,0.22197264515011594
2011-09-05,0.17763332377122365
2011-09-06,0.16728459544157992
2011-09-07,0.20341313184344834
2011-09-08,0.2105468263719371
2011-09-09,0.19230123892464146
2011-09-14,0.15778563193816741
2011-09-15,0.17127361886153147
2011-09-16,0.20700704168177642
2011-09-19,0.19663666329286567
2011-09-20,0.2058541760258068
2011-09-21,0.21468198769194113
2011-09-22,0.18560054558149341
2011-09-23,0.12979210530588825
2011-09-26,0.10558192653052378
2011-09-27,0.15050579950962606
2011-09-28,0.14367520581087578
2011-09-29,0.16868102426430376
2011-09-30,0.16887587479770716
2011-10-04,0.1345280557705526
2011-10-05,0.11305660949246843
2011-10-06,0.1367634243898741
2011-10-07,0.1635283101587489
2011-10-10,0.16713845754152745
2011-10-11,0.18260742488782555
2011-10-12,0.19044474634249298
2011-10-13,0.19780576649328563
2011-10-14,0.20446315971789963
2011-10-17,0.220581628842209
2011-10-18,0.20635753990376549
2011-10-19,0.21556964012188973
2011-10-20,0.18805782730830212
2011-10-21,0.206076089133294
2011-10-24,0.23851870294494926
2011-10-25,0.233284801117143
2011-10-26,0.2363482845034287
2011-10-27,0.2513571880903024
2011-10-28,0.2553840991139712
2011-10-31,0.24431550631369847
2011-11-01,0.2446402572027041
2011-11-02,0.23835091498562966
2011-11-03,0.22316881092461982
2011-11-04,0.2548049600285781
2011-11-07,0.24976590873417492
2011-11-08,0.2411275350866272
2011-11-09,0.24350362909118461
2011-11-10,0.19247443939877773
2011-11-11,0.21964526377890958
2011-11-14,0.24094892209767405
2011-11-15,0.23191543486850275
2011-11-16,0.21565082784414102
2011-11-17,0.22680060836666527
2011-11-18,0.20650367780381795
2011-11-21,0.19614412444454055
2011-11-22,0.1995269462050151
2011-11-23,0.1761557072262484
2011-11-24,0.18262907494709257
2011-11-25,0.17252932229901974
2011-11-28,0.19357317990657985
2011-11-29,0.21589439101089536
2011-11-30,0.2110177151609951
2011-12-01,0.24818545440768147
2011-12-02,0.24810967920024674
2011-12-05,0.2518226643645437
2011-12-06,0.24095433461249083
2011-12-07,0.2499391092083113
2011-12-08,0.2461341112921297
2011-12-09,0.22576140552184742
2011-12-12,0.23929810507856264
2011-12-13,0.21997542718273178
2011-12-14,0.21656013033335675
2011-12-15,0.19564617308139864
2011-12-16,0.2069312664743419
2011-12-19,0.172816185584308
2011-12-20,0.1815465719837407
2011-12-21,0.21150484149450344
2011-12-22,0.21100689013136165
2011-12-23,0.2216857818648278
2011-12-26,0.215991816277597
2011-12-27,0.20804624452659426
2011-12-28,0.19889909448627097
2011-12-29,0.19923467040491016
2012-01-02,0.19957565883836592
2012-01-03,0.22611863149975375
2012-01-04,0.22114453038315174
2012-01-05,0.21980222670859562
2012-01-06,0.20865244618607137
2012-01-09,0.1996406090161671
2012-01-10,0.21410826112136483
2012-01-11,0.20995686225691035
2012-01-12,0.22025146543838658
2012-01-13,0.22626476939980622
2012-01-16,0.21738283258550417
2012-01-17,0.2354985196771976
2012-01-18,0.23530908165861109
2012-01-19,0.24753054011485343
2012-01-20,0.266431041854977
2012-01-25,0.2676975703220986
2012-01-26,0.2703767651563945
2012-01-27,0.27451733899121533
2012-01-30,0.2613757530161237
2012-01-31,0.26962442559686506
2012-02-01,0.2714917432086469
2012-02-02,0.2850555053394458
2012-02-03,0.2785821376186016
2012-02-06,0.2790097262891257
2012-02-07,0.2835887138241039
2012-02-08,0.2955720216284091
2012-02-09,0.30146625026386
2012-02-10,0.29014868178201636
2012-02-13,0.2966599371065778
2012-02-14,0.29498205751338247
2012-02-15,0.3072576411177924
2012-02-16,0.2921729623234842
2012-02-17,0.30625632587669205
2012-02-20,0.30703031549548865
2012-02-21,0.30667308951758254
2012-02-22,0.3090600085517733
2012-02-23,0.29777491515883014
2012-02-24,0.30431864557229227
2012-02-27,0.28876849050374276
2012-02-28,0.2955503715691422
2012-02-29,0.30992601092245475
2012-03-02,0.3122966924121954
2012-03-05,0.30224565239747336
2012-03-06,0.2937480041351611
2012-03-07,0.2838918146538426
2012-03-08,0.29396450472783153
2012-03-09,0.30345805571642737
2012-03-12,0.29490628230594773
2012-03-13,0.30710609070292316
2012-03-14,0.3179527703957089
2012-03-15,0.3172383184398967
2012-03-16,0.31219385463067695
2012-03-19,0.31899197324052675
2012-03-20,0.31636690355439845
2012-03-21,0.3082914314477935
2012-03-22,0.30769064230313325
2012-03-23,0.30807493085512305
2012-03-26,0.30393976953511903
2012-03-27,0.3150733125131929
2012-03-28,0.31073247563015205
2012-03-29,0.3013525874527082
2012-03-30,0.3011523244044879
2012-04-02,0.30940640950004583
2012-04-03,0.3202260266187479
2012-04-04,0.30362584367574696
2012-04-05,0.30912495872957446
2012-04-06,0.30926568411481015
2012-04-09,0.29197269927526415
2012-04-10,0.2905275578191894
2012-04-12,0.28631662129175084
2012-04-13,0.2983757043034906
2012-04-16,0.28956413018180627
2012-04-17,0.2855967568211216
2012-04-18,0.29600502281374974
2012-04-19,0.2934773783943233
2012-04-20,0.2798324285412731
2012-04-23,0.27873910054828765
2012-04-24,0.2737541744020523
2012-04-25,0.2729747722684389
2012-04-26,0.2740897503206915
2012-04-27,0.2802113045784461
2012-04-30,0.2838052144167743
2012-05-02,0.29304978972379925
2012-05-03,0.2909064338563626
2012-05-04,0.2876805750255741
2012-05-07,0.2699762390599544
2012-05-08,0.27569726722126886
2012-05-09,0.26664754244764743
2012-05-10,0.2637464345058643
2012-05-11,0.2486996433152736
2012-05-14,0.24685938827757525
2012-05-15,0.2388651038932218
2012-05-16,0.20723977981889719
2012-05-17,0.20978907429759075
2012-05-18,0.17580930627797586
2012-05-21,0.1848319684775137
2012-05-22,0.20083136227585419
2012-05-23,0.1899684450386181
2012-05-24,0.19313476620642245
2012-05-25,0.19838490557867894
2012-05-29,0.21231671871701752
2012-05-30,0.2095833987345539
2012-05-31,0.20883105917502442
2012-06-01,0.20398144589920808
2012-06-04,0.17617194477069875
2012-06-05,0.18630417250767206
2012-06-07,0.21125586581293254
2012-06-08,0.20459306007350186
2012-06-11,0.22158835659812615
2012-06-12,0.21493096337351203
2012-06-13,0.21740989515958786
2012-06-14,0.22399151317676724
2012-06-15,0.21678204344084395
2012-06-18,0.23494103065107141
2012-06-19,0.2349735057399719
2012-06-20,0.24165796153866947
2012-06-21,0.23355542685798103
2012-06-22,0.21095276498319404
2012-06-25,0.19903981987150687
2012-06-26,0.19494254615522
2012-06-27,0.19485594591815192
2012-06-28,0.195684060685116
2012-06-29,0.21453584979188867
2012-07-02,0.2132584962951335
2012-07-03,0.2220105327538332
2012-07-04,0.22559903007734483
2012-07-05,0.2261619316182878
2012-07-06,0.21680369350011086
2012-07-09,0.2048582732995231
2012-07-10,0.2012427134019279
2012-07-11,0.1995864838679996
2012-07-12,0.17739517311928632
2012-07-13,0.19227958886537444
2012-07-16,0.19493172112558643
2012-07-17,0.19718873980417517
2012-07-18,0.18254788722484128
2012-07-19,0.19772999128585111
2012-07-20,0.19771375374140077
2012-07-23,0.1795872416200739
2012-07-24,0.1820174607727988
2012-07-25,0.16869184929393732
2012-07-26,0.17581471879279265
2012-07-27,0.20108575047224186
2012-07-30,0.2090042596491607
2012-07-31,0.22968006624918125
2012-08-01,0.2285650881969289
2012-08-02,0.22286571009488132
2012-08-03,0.21165097939455613
2012-08-06,0.23178553451290063
2012-08-07,0.23228348587604242
2012-08-08,0.24117624771997803
2012-08-09,0.26139740307539083
2012-08-10,0.26454207418392806
2012-08-13,0.256986203499732
2012-08-14,0.27025768983042575
2012-08-16,0.2707718787380179
2012-08-17,0.26461784939136257
2012-08-20,0.264493361550577
2012-08-21,0.2628208944721985
2012-08-22,0.2584746450743408
2012-08-23,0.2624528434646588
2012-08-24,0.25015019728616494
2012-08-27,0.24910016941171353
2012-08-28,0.24826664212993277
2012-08-29,0.25487532272119584
2012-08-30,0.24288118988725726
2012-08-31,0.24219921302034553
2012-09-03,0.24630731176626586
2012-09-04,0.2432871284985142
2012-09-05,0.22537170445504084
2012-09-06,0.22927412763792432
2012-09-07,0.2554382242621388
2012-09-10,0.2527969170315604
2012-09-11,0.25025303506768337
2012-09-12,0.2665068170624115
2012-09-13,0.26686404304031786
2012-09-14,0.29765583983286137
2012-09-17,0.2948250945836962
2012-09-18,0.2962377609508705
2012-09-19,0.2978182152773642
2012-09-20,0.28831925177395157
2012-09-21,0.2948359196133298
2012-09-24,0.2954150586987231
2012-09-25,0.28890380337416166
2012-09-26,0.28296627462017676
2012-09-27,0.28743701185882
2012-09-28,0.29150181048620605
2012-10-02,0.2914043852195044
2012-10-04,0.2895911927558902
2012-10-05,0.2909389089452631
2012-10-08,0.2837510892686069
2012-10-09,0.2822085225458303
2012-10-10,0.2655271518805783
2012-10-11,0.2573380169628213
2012-10-12,0.2574300297147062
2012-10-15,0.2532786308502518
2012-10-16,0.26191159198298297
2012-10-17,0.2692780246485925
2012-10-18,0.2714267930308457
2012-10-19,0.26315647039083745
2012-10-22,0.26193865455706666
2012-10-23,0.2539389576578964
2012-10-24,0.2469838761183608
2012-10-25,0.25268866673522516
2012-10-26,0.23478948023620216
2012-10-29,0.23483819286955276
2012-10-30,0.23920067981186077
2012-10-31,0.24595549830317653
2012-11-01,0.23858365312275043
2012-11-02,0.2495602331711383
2012-11-05,0.24387709261354085
2012-11-06,0.25467505967297577
2012-11-07,0.259751998571096
2012-11-08,0.24722743928511492
2012-11-09,0.24181492446835573
2012-11-12,0.23989889422322286
2012-11-13,0.23385311517290275
2012-11-14,0.23620214660337624
2012-11-15,0.22358016205069353
2012-11-16,0.2182271848969185
2012-11-19,0.22757459798546187
2012-11-20,0.2341129158841072
2012-11-21,0.23078963178661682
2012-11-22,0.23915737969332673
2012-11-23,0.24556038472155295
2012-11-26,0.24403405554322688
2012-11-27,0.2530675427723982
2012-11-28,0.24634519936998311
2012-11-29,0.25829061957057087
2012-11-30,0.2572351791813029
2012-12-03,0.26108888973083555
2012-12-04,0.25846923255952403
2012-12-05,0.2648884751322006
2012-12-06,0.2662849039549243
2012-12-07,0.270522903056447
2012-12-10,0.27050666551199687
2012-12-11,0.27440367618006334
2012-12-12,0.28026001721179694
2012-12-13,0.2950524202060002
2012-12-14,0.29086854625264535
2012-12-17,0.2843897660169844
2012-12-18,0.28981310586337716
2012-12-20,0.29328252786092
2012-12-21,0.2829554495905432
2012-12-24,0.28371320166488945
2012-12-26,0.2839459398020102
2012-12-27,0.2867063223585574
2012-12-28,0.2919564617308138
2013-01-02,0.3103860746818793
2013-01-03,0.3040588448610878
2013-01-04,0.3000156962929684
2013-01-07,0.2996422327706122
2013-01-08,0.29243817554950546
2013-01-09,0.2891203039668321
2013-01-10,0.2972336636771541
2013-01-11,0.29175078616777717
2013-01-14,0.29736356403275643
2013-01-15,0.2847524045097073
2013-01-16,0.2813479326899656
2013-01-17,0.27962675297823625
2013-01-18,0.2869769480993952
2013-01-21,0.2864411091325362
2013-01-22,0.29166959844552565
2013-01-23,0.2829500370757264
2013-01-24,0.2743279009726288
2013-01-25,0.2646990371136141
2013-01-28,0.26092110177151595
2013-01-29,0.2697164383487499
2013-01-30,0.27430083839854513
2013-01-31,0.272953122209172
2013-02-01,0.2707069285602167
2013-02-04,0.2682279967741411
2013-02-05,0.26009298700455197
2013-02-06,0.25901589655601664
2013-02-07,0.2566235650070091
2013-02-08,0.2669777058514696
2013-02-12,0.26421191078010564
2013-02-13,0.2806010056452529
2013-02-14,0.28251703589038557
2013-02-15,0.2833668007166169
2013-02-18,0.28376191429824027
2013-02-19,0.28588362010641
2013-02-20,0.30688959011025296
2013-02-21,0.3017910011528656
2013-02-22,0.3037773940906162
2013-02-25,0.2987058677073128
2013-02-26,0.2935585661165746
2013-02-27,0.2957398095877287
2013-02-28,0.30789090535135333
2013-03-04,0.30067061058579647
2013-03-05,0.3025433407123951
2013-03-06,0.3047787093317168
2013-03-07,0.295934660121132
2013-03-08,0.29680607500663025
2013-03-11,0.29536634606537226
2013-03-12,0.28994841873379607
2013-03-13,0.29340701570170535
2013-03-14,0.29470601925772766
2013-03-15,0.2862462585991329
2013-03-18,0.2763305314548298
2013-03-19,0.2819487218346258
2013-03-20,0.27158375596053197
2013-03-21,0.2669344057329356
2013-03-22,0.2657923651065993
2013-03-25,0.2814670080159344
2013-03-26,0.28473075445044016
2013-03-27,0.2900025438819639
2013-03-28,0.29004584400049793
2013-03-29,0.29619987334715325
2013-04-01,0.2913827351602375
2013-04-02,0.2860568205805464
2013-04-03,0.2844709537392357
2013-04-04,0.2716054060197989
2013-04-05,0.2541662832802004
2013-04-08,0.24954399562668794
2013-04-09,0.2506535611641235
2013-04-10,0.25868573315219445
2013-04-11,0.2663823292216262
2013-04-12,0.2525425288351727
2013-04-15,0.2504965982344375
2013-04-16,0.25144920084218725
2013-04-17,0.25233144075731884
2013-04-18,0.23946048052306523
2013-04-19,0.24308145293547734
2013-04-22,0.2536683319170584
2013-04-23,0.24951152053778747
2013-04-24,0.258539595252142
2013-04-25,0.26735658188864286
2013-04-26,0.26354617145764425
2013-04-29,0.2614569407383752
2013-04-30,0.27404103768734067
2013-05-02,0.2703930027008449
2013-05-03,0.2749936402950902
2013-05-06,0.2727041465276011
2013-05-07,0.2688450234632517
2013-05-08,0.26998165157477116
2013-05-09,0.2824304356533175
2013-05-10,0.2636490092391627
2013-05-13,0.26578695259178275
2013-05-14,0.2766823449179191
2013-05-15,0.27799758601839153
2013-05-16,0.28641404655845226
2013-05-20,0.28404336506871186
2013-05-21,0.2833180880832661
2013-05-22,0.2902136319598173
2013-05-23,0.2768771954513224
2013-05-24,0.27918292676326184
2013-05-27,0.2827118864237891
2013-05-28,0.28609470818426364
2013-05-29,0.2942026553797691
2013-05-30,0.2936072787499254
2013-05-31,0.29412146765751757
2013-06-03,0.28790790064787786
2013-06-04,0.2878754255589774
2013-06-05,0.2714646806345632
2013-06-07,0.2523368532721356
2013-06-10,0.2571269288849677
2013-06-11,0.25062108607522304
2013-06-12,0.24479180761757335
2013-06-13,0.2300805923456214
2013-06-14,0.23360413949133185
2013-06-17,0.23028085539384147
2013-06-18,0.23976358135280373
2013-06-19,0.23310077561337306
2013-06-20,0.21263064457638936
2013-06-21,0.19765962859323316
2013-06-24,0.18476701829971254
2013-06-25,0.17481881606650895
2013-06-26,0.17634514524483502
2013-06-27,0.2040842836807265
2013-06-28,0.21957490108629163
2013-07-01,0.2154668023403713
2013-07-02,0.21508251378838128
2013-07-03,0.19865011880470018
2013-07-04,0.20648744025936772
2013-07-05,0.20333194412119693
2013-07-08,0.19442294473281108
2013-07-09,0.20172983973543612
2013-07-10,0.19837949306386216
2013-07-11,0.22730397224462384
2013-07-12,0.22317963595425339
2013-07-15,0.22598331862933463
2013-07-16,0.22122030559058647
2013-07-17,0.23265694939839887
2013-07-18,0.226156519103471
2013-07-19,0.22395362557304999
2013-07-22,0.22879241381923265
2013-07-23,0.24167419908312004
2013-07-24,0.24596632333280988
2013-07-25,0.24462943217307032
2013-07-26,0.24527893395108158
2013-07-29,0.23936846777118037
2013-07-30,0.24865634319673935
2013-07-31,0.24702176372207807
2013-08-01,0.2506535611641235
2013-08-02,0.25208246507574816
2013-08-05,0.24820710446694838
2013-08-06,0.24301109024285938
2013-08-07,0.2276990858262472
2013-08-08,0.23075174418289957
2013-08-09,0.22898726435263617
2013-08-12,0.23121722045714088
2013-08-13,0.24648051224040224
2013-08-14,0.2523693283610363
2013-08-16,0.25031257273066776
2013-08-19,0.2489756815709282
2013-08-20,0.23285179993180216
2013-08-21,0.2218156822204299
2013-08-22,0.21188913004649323
2013-08-23,0.22327706122095503
2013-08-26,0.23285721244661894
2013-08-27,0.2317638844536335
2013-08-28,0.23104943249782128
2013-08-29,0.24350904160600118
2013-08-30,0.2536953944911423
2013-09-02,0.25285645469454454
2013-09-03,0.25768983042591065
2013-09-04,0.25730554187392085
2013-09-05,0.2673836444627268
2013-09-06,0.2693646248856606
2013-09-09,0.27984325357090667
2013-09-10,0.29033811980060287
2013-09-11,0.29563697180621007
2013-09-12,0.29575063461736206
2013-09-13,0.29047884518583855
2013-09-16,0.300789685911765
2013-09-17,0.2965733368695095
2013-09-23,0.2986463300443284
2013-09-24,0.2973960391216569
2013-09-25,0.29250312572730663
2013-09-26,0.2975151144476257
2013-09-27,0.2999399210855339
2013-09-30,0.291907749097463
2013-10-01,0.29294153942746404
2013-10-02,0.29326629031646967
2013-10-04,0.29191857412709654
2013-10-07,0.29053297033400616
2013-10-08,0.2950470076911834
2013-10-10,0.2943109056761043
2013-10-11,0.30703031549548865
2013-10-14,0.3045243211353289
2013-10-15,0.31572281429120397
2013-10-16,0.3122858673825618
2013-10-17,0.31553337627261746
2013-10-18,0.32191473124157677
2013-10-21,0.3222448946453992
2013-10-22,0.32392818675341106
2013-10-23,0.3129028940716724
2013-10-24,0.31882418528120715
2013-10-25,0.31216679205659326
2013-10-28,0.3196089999296371
2013-10-29,0.3215683302933042
2013-10-30,0.3258009168800099
2013-10-31,0.3098394106853867
2013-11-01,0.3148892870094232
2013-11-04,0.3071764533955411
2013-11-05,0.30109278674150375
2013-11-06,0.30095206135626784
2013-11-07,0.2957398095877287
2013-11-08,0.2853640186840011
2013-11-11,0.2812667449677143
2013-11-12,0.2911066969045827
2013-11-13,0.27382994960948703
2013-11-14,0.2759949555361906
2013-11-15,0.2966058119584102
2013-11-18,0.29940408211867464
2013-11-19,0.31067835048198444
2013-11-20,0.30288432914585084
2013-11-21,0.2901865693857336
2013-11-22,0.29692515033259903
2013-11-25,0.3022023522789393
2013-11-26,0.3058070871469011
2013-11-27,0.30914660878884137
2013-11-28,0.31832623391806514
2013-11-29,0.3178391075845569
2013-12-02,0.31021287420774313
2013-12-03,0.2986192674702445
2013-12-04,0.2864086340436355
2013-12-05,0.28530989353583347
2013-12-06,0.2829500370757264
2013-12-09,0.2937588291647949
2013-12-10,0.29000795639678045
2013-12-11,0.2816293834604372
2013-12-12,0.2761952185844109
2013-12-13,0.2734781361463977
2013-12-16,0.27252553353864795
2013-12-17,0.27500987783954056
2013-12-18,0.27982160351163954
2013-12-19,0.28037368002294893
2013-12-20,0.28454131643185365
2013-12-23,0.2918698614937457
2013-12-24,0.2944137434576225
2013-12-26,0.2931742775645848
2013-12-27,0.29478720697997896
2013-12-30,0.2996909454039628
2014-01-02,0.2757946924879707
2014-01-03,0.26440134879869237
2014-01-06,0.26826588437785837
2014-01-07,0.2715999935049821
2014-01-08,0.27134019279377763
2014-01-09,0.2643851112542418
2014-01-10,0.26028783753795504
2014-01-13,0.2659060279177513
2014-01-14,0.2643634611949749
2014-01-15,0.26826588437785837
2014-01-16,0.27045254036382904
2014-01-17,0.2635028713391102
2014-01-20,0.2685365101186964
2014-01-21,0.27400856259844
2014-01-22,0.2775429347737838
2014-01-23,0.2651861634471223
2014-01-24,0.2613811655309405
2014-01-27,0.2450245457546939
2014-01-28,0.2485913930189384
2014-01-29,0.26170050390512933
2014-02-03,0.25023138500841646
2014-02-04,0.23231054845012633
2014-02-05,0.23472994257321755
2014-02-06,0.2436984796245879
2014-02-07,0.2516061637718733
2014-02-10,0.2520391649572139
2014-02-11,0.25678052793669515
2014-02-12,0.25882645853743014
2014-02-13,0.25402014538014794
2014-02-14,0.26122961511607123
2014-02-17,0.2645204241246609
2014-02-18,0.26481811243958264
2014-02-19,0.26266393154251244
2014-02-20,0.25597406322899785
2014-02-21,0.27072857861948385
2014-02-24,0.26597639061036926
2014-02-25,0.2745335765356657
2014-02-26,0.2777323727923705
2014-02-27,0.2818783591420081
2014-02-28,0.2827227114534224
2014-03-03,0.2744415637837808
2014-03-04,0.26871512310764933
2014-03-05,0.2779867609887582
2014-03-06,0.2803574424784986
2014-03-07,0.27984866608572345
2014-03-10,0.26888291106696893
2014-03-11,0.2739977375688064
2014-03-12,0.2570403286478996
2014-03-13,0.2580362313741834
2014-03-14,0.25019890991951577
2014-03-17,0.2543286587247032
2014-03-18,0.261191727512354
2014-03-19,0.25982236126371394
2014-03-20,0.2499932343564789
2014-03-21,0.2583393322039219
2014-03-24,0.2640820104245035
2014-03-25,0.26175462905329694
2014-03-26,0.27423588822074396
2014-03-27,0.2816293834604372
2014-03-28,0.28326937544991526
2014-03-31,0.2857645447804412
2014-04-01,0.28921231671871694
2014-04-02,0.292064712027149
2014-04-03,0.2901432692671996
2014-04-04,0.28710684845499757
2014-04-07,0.2879782633404958
2014-04-08,0.2897806307744767
2014-04-09,0.2929848395459981
2014-04-10,0.29821332885898755
2014-04-11,0.29216754980866744
2014-04-14,0.2919402241863637
2014-04-15,0.289369279648403
2014-04-16,0.2893368045595025
2014-04-17,0.2892502043224342
2014-04-18,0.29586970994333084
2014-04-21,0.29313097744605077
2014-04-22,0.29583723485443036
2014-04-23,0.2937534166499779
2014-04-24,0.2926546761421759
2014-04-25,0.27821408661106195
2014-04-28,0.27691508305503987
2014-04-29,0.27448486390231486
2014-04-30,0.2728719344869205
2014-05-02,0.2715999935049821
2014-05-07,0.26101311452340104
2014-05-08,0.2668153304069668
2014-05-09,0.27003577672293855
2014-05-12,0.2745768766541997
2014-05-13,0.2843139908095499
2014-05-14,0.2994149071483082
2014-05-15,0.29907391871485245
2014-05-16,0.3008275735154825
2014-05-19,0.3017477010343316
2014-05-20,0.299647645285429
2014-05-21,0.2980617784441183
2014-05-22,0.3019912642010857
2014-05-23,0.3028464415421336
2014-05-26,0.29915510643710375
2014-05-27,0.2922703875901861
2014-05-28,0.3027869038791492
2014-05-29,0.3001888967671048
2014-05-30,0.2908252461341113
2014-06-02,0.2946356565651097
2014-06-03,0.29818626628490386
2014-06-05,0.2911066969045827
2014-06-09,0.28816228884426554
2014-06-10,0.2999399210855339
2014-06-11,0.3014933128379439
2014-06-12,0.2998587333632826
2014-06-13,0.28860070254442316
2014-06-16,0.2900837316042152
2014-06-17,0.2943920933983556
2014-06-18,0.2878646005293438
2014-06-19,0.28923937929280064
2014-06-20,0.2762709937918454
2014-06-23,0.27997856644132557
2014-06-24,0.2904950827302889
2014-06-25,0.28368613909080576
2014-06-26,0.2908739587674619
2014-06-27,0.28733417407730133
2014-06-30,0.2947493193762617
2014-07-01,0.293011902120082
2014-07-02,0.3018234762417661
2014-07-03,0.29949068235574294
2014-07-04,0.2987816429147475
2014-07-07,0.2963243611879386
2014-07-08,0.2971578884697196
2014-07-09,0.29382377934259585
2014-07-10,0.29509030780971746
2014-07-11,0.2874586619180869
2014-07-14,0.2902406945339012
2014-07-15,0.3004378724486757
2014-07-16,0.3008492235747494
2014-07-17,0.3048653095687849
2014-07-18,0.3040642573759046
2014-07-21,0.3035663060127626
2014-07-22,0.30921155896664254
2014-07-23,0.3088813955628201
2014-07-24,0.30796126804397106
2014-07-25,0.3118745162564881
2014-07-28,0.31997163842236
2014-07-29,0.3270945079212152
2014-07-30,0.33826593850300657
2014-07-31,0.3347532163869297
2014-08-01,0.3331186369122684
2014-08-04,0.33708059775813626
2014-08-05,0.3294164767776052
2014-08-06,0.32642335608393724
2014-08-07,0.32305677186791304
2014-08-08,0.3103860746818793
2014-08-11,0.3148622244353393
2014-08-12,0.3159988525468588
2014-08-13,0.32730559599906905
2014-08-14,0.32777107227331015
2014-08-18,0.32230984482320013
2014-08-19,0.33205778400818364
2014-08-20,0.33294543643813224
2014-08-21,0.3174818816066508
2014-08-22,0.32424211261278313
2014-08-25,0.3265099563210053
2014-08-26,0.3303853169298051
2014-08-27,0.3341091271237354
2014-08-28,0.3345583658535266
2014-08-29,0.33065053015582613
2014-09-01,0.3302824791482867
2014-09-02,0.32147090502660236
2014-09-03,0.3212652294635655
2014-09-04,0.3240039619608458
2014-09-05,0.3202963893113656
2014-09-11,0.3120423042158077
2014-09-12,0.3162099406247124
2014-09-15,0.31294078167538963
2014-09-16,0.31678366719528894
2014-09-17,0.32744090886948796
2014-09-18,0.3193924993369669
2014-09-19,0.3226833083455566
2014-09-22,0.3148080992871717
2014-09-23,0.3092007339370092
2014-09-24,0.3128433564086882
2014-09-25,0.3120152416417238
2014-09-26,0.31067835048198444
2014-09-29,0.3079504430143377
2014-09-30,0.30442689586862726
2014-10-01,0.2889741660667794
2014-10-02,0.28064971827860374
2014-10-06,0.27644419426598177
2014-10-07,0.2788906509631569
2014-10-08,0.2747446646135193
2014-10-10,0.261576016064344
2014-10-13,0.25415545825056685
2014-10-14,0.25525961127318586
2014-10-15,0.2534518313243882
2014-10-16,0.24961977083412246
2014-10-17,0.23978523141207086
2014-10-20,0.25569802497334326
2014-10-21,0.24769832807417302
2014-10-22,0.2594380727117239
2014-10-23,0.25655861482920794
2014-10-24,0.2533327559984194
2014-10-27,0.2567318153033443
2014-10-28,0.25332734348360264
2014-10-29,0.2725363585682815
2014-10-30,0.2713239552493275
2014-10-31,0.27430083839854513
2014-11-03,0.26809809641853877
2014-11-04,0.2584746450743408
2014-11-05,0.2564395395032394
2014-11-06,0.2591728594857027
2014-11-07,0.26100770200858403
2014-11-10,0.27094507921215427
2014-11-11,0.27352684877974853
2014-11-12,0.27583799260650455
2014-11-13,0.2721791325903754
2014-11-14,0.2638600973170163
2014-11-17,0.2630428075796857
2014-11-18,0.27569726722126886
2014-11-19,0.2756214920138341
2014-11-20,0.27084224143063584
2014-11-21,0.2745227515060321
2014-11-24,0.2819378968049925
2014-11-25,0.2828417867793912
2014-11-26,0.28318277521284696
2014-11-27,0.2838593395649419
2014-11-28,0.2831503001239465
2014-12-01,0.27472842706906897
2014-12-02,0.2750585904728914
2014-12-03,0.2772668965181292
2014-12-04,0.28630579626211705
2014-12-05,0.28631120877693383
2014-12-08,0.28215980991247946
2014-12-09,0.27782979805907215
2014-12-10,0.2640874229393201
2014-12-11,0.24840736751516845
2014-12-12,0.2511785751013492
2014-12-15,0.25044788560108666
2014-12-16,0.24166337405348648
2014-12-17,0.23951460567123306
2014-12-18,0.23807487672997485
2014-12-19,0.2556547248548092
2014-12-22,0.26276676932403087
2014-12-23,0.2605476382491595
2014-12-24,0.2646557369950798
2014-12-26,0.2654946767916776
2014-12-29,0.25450727171365617
2014-12-30,0.2478661160334924
2015-01-02,0.25373869460967635
2015-01-05,0.2479527162705607
2015-01-06,0.22992904193075214
2015-01-07,0.23067596897546483
2015-01-08,0.24194482482395785
2015-01-09,0.2527969170315604
2015-01-12,0.2507672239752755
2015-01-13,0.2487050558300904
2015-01-14,0.246821500673858
2015-01-15,0.24708130138506246
2015-01-16,0.23300335034667163
2015-01-19,0.24084608431615562
2015-01-20,0.2493383200636511
2015-01-21,0.25091877439014476
2015-01-22,0.25069686128265756
2015-01-23,0.25896177140784904
2015-01-26,0.25873985830036206
2015-01-27,0.2677895830739837
2015-01-28,0.2727582716757685
2015-01-29,0.2670426560292708
2015-01-30,0.26609005342152103
2015-02-02,0.26794113348885296
2015-02-03,0.26755143242204615
2015-02-04,0.27341318596859654
2015-02-05,0.26802773372592104
2015-02-06,0.26947828769681237
2015-02-09,0.26486682507293347
2015-02-10,0.2588372835670637
2015-02-11,0.2641631981467548
2015-02-12,0.2619603046163338
2015-02-13,0.2705499656305309
2015-02-16,0.27094507921215427
2015-02-17,0.27268790898315076
2015-02-23,0.27644419426598177
2015-02-24,0.2806280682193366
2015-02-25,0.2883950269813863
2015-02-26,0.2898076933485604
2015-02-27,0.28586738256195965
2015-03-02,0.2918265613752117
2015-03-03,0.29430008064647073
2015-03-04,0.29262761356809197
2015-03-05,0.292676326201443
2015-03-06,0.3005569477746445
2015-03-09,0.2896669679633247
2015-03-10,0.28530989353583347
2015-03-11,0.2831773626980302
2015-03-12,0.27763494752566864
2015-03-13,0.28586197004714287
2015-03-16,0.28669549732892385
2015-03-17,0.30974198541868503
2015-03-18,0.3089517582554381
2015-03-19,0.314061172242459
2015-03-20,0.3137093587793697
2015-03-23,0.31335754531628013
2015-03-24,0.31594472739869117
2015-03-25,0.31672412953230455
2015-03-26,0.3057637870283668
2015-03-27,0.3042699329389412
2015-03-30,0.30981234811130276
2015-03-31,0.3157607018949212
2015-04-01,0.3089517582554381
2015-04-02,0.3092873341740773
2015-04-03,0.31813679589947863
2015-04-06,0.31868345989597147
2015-04-07,0.3190082107849769
2015-04-08,0.32562771640587374
2015-04-09,0.3254166283280199
2015-04-10,0.3410533836336377
2015-04-13,0.347093750169141
2015-04-14,0.3540217691345927
2015-04-15,0.3584816813436026
2015-04-16,0.3692742358882207
2015-04-17,0.37122274122225407
2015-04-20,0.3729601584784338
2015-04-21,0.37192095563361594
2015-04-22,0.3714338293001075
2015-04-23,0.38741157303918106
2015-04-24,0.38004514037357173
2015-04-27,0.37882191202498394
2015-04-28,0.3734797599008427
2015-04-29,0.37075185243319597
2015-04-30,0.36238410452648606
2015-05-04,0.36512283702376636
2015-05-06,0.3501572335554267
2015-05-07,0.3428070384342675
2015-05-08,0.33984098031468346
2015-05-11,0.34626022288736
2015-05-12,0.34593005948353783
2015-05-13,0.35534242274988215
2015-05-14,0.35868194439182266
2015-05-15,0.35119643640024456
2015-05-18,0.3551042720979446
2015-05-19,0.35896339516229403
2015-05-20,0.3690793853548172
2015-05-21,0.360024248066379
2015-05-22,0.37262999507461136
2015-05-26,0.37122274122225407
2015-05-27,0.3517376878819204
2015-05-28,0.35357253040480174
2015-05-29,0.3556888236981549
2015-06-01,0.34896106778092284
2015-06-02,0.33611717012075315
2015-06-03,0.3277385971844097
2015-06-04,0.3329887365566663
2015-06-05,0.3304123795038888
2015-06-08,0.3288373376922119
2015-06-09,0.3282094859734678
2015-06-10,0.3213301796413667
2015-06-11,0.3241933999794323
2015-06-12,0.3217902434007912
2015-06-15,0.3164589163062833
2015-06-16,0.30909789615549055
2015-06-17,0.3124211802529807
2015-06-18,0.316220765654346
2015-06-19,0.3189703231812596
2015-06-22,0.32340858533100214
2015-06-23,0.3375027739138433
2015-06-24,0.33984639282950047
2015-06-25,0.33959200463311257
2015-06-26,0.3424065123378276
2015-06-29,0.3262934557283349
2015-06-30,0.33371401354211183
2015-07-01,0.3465362611430146
2015-07-02,0.35164567513003553
2015-07-03,0.35006522080354185
2015-07-06,0.32274284600854075
2015-07-07,0.3153601757984811
2015-07-08,0.30232684011972466
2015-07-09,0.30860535730716554
2015-07-10,0.31042396228559677
2015-07-13,0.3268509447544611
2015-07-14,0.3256114788614234
2015-07-15,0.33301579913074997
2015-07-16,0.3411237463262554
2015-07-17,0.33511585487965256
2015-07-20,0.3332322997234204
2015-07-21,0.3388126024994992
2015-07-22,0.328588362010641
2015-07-23,0.32877238751441074
2015-07-24,0.3184290716995838
2015-07-27,0.3145591236056008
2015-07-28,0.3147160865352868
2015-07-29,0.3139150343424063
2015-07-30,0.30385316929805095
2015-07-31,0.30987729828910393
2015-08-03,0.2981483786811866
2015-08-04,0.3087027825738672
2015-08-05,0.3096607976964335
2015-08-06,0.300746385793231
2015-08-07,0.2990901562593026
2015-08-10,0.2952689207986706
2015-08-11,0.2863274463213842
2015-08-12,0.2802762547562473
2015-08-13,0.28460085409483804
2015-08-17,0.2765145569585995
2015-08-18,0.26987881379325274
2015-08-19,0.260742488782563
2015-08-20,0.24730321449254944
2015-08-21,0.22647585747765964
2015-08-24,0.2014375639353312
2015-08-25,0.21054141385712044
2015-08-26,0.23622920917745993
2015-08-27,0.2437580172875723
2015-08-28,0.25981694874889716
2015-08-31,0.26188452940889906
2015-09-01,0.24713001401841328
2015-09-02,0.24766585298527255
2015-09-03,0.24783364094459193
2015-09-04,0.2318721347499687
2015-09-07,0.23034580557164264
2015-09-08,0.22788852384483393
2015-09-09,0.25793880610748154
2015-09-10,0.27304513496105687
2015-09-11,0.2618195792310979
2015-09-14,0.2564557770476895
2015-09-15,0.25975741108591277
2015-09-16,0.2802654297266137
2015-09-17,0.2808283312675567
2015-09-18,0.29136108510097036
2015-09-21,0.27443615126896403
2015-09-22,0.28384310202049157
2015-09-23,0.2635894715761783
2015-09-24,0.26492095022110107
2015-09-25,0.2626206314239784
2015-09-30,0.2734240109982299
2015-10-01,0.28236007296069954
2015-10-02,0.27714240867734363
2015-10-05,0.28178093387530645
2015-10-06,0.28849245224808795
2015-10-07,0.29671406225474517
2015-10-08,0.30412379503888876
2015-10-12,0.30526042315040824
2015-10-13,0.3038639943276843
2015-10-14,0.2987221052517629
2015-10-15,0.31156059039711603
2015-10-16,0.30993142343727154
2015-10-19,0.3099368359520883
2015-10-20,0.3148568119205225
2015-10-21,0.3168161422841894
2015-10-22,0.30600193768030437
2015-10-23,0.31541971346146547
2015-10-26,0.3195765248407366
2015-10-27,0.31772003225858836
2015-10-28,0.31656175408780174
2015-10-29,0.3120423042158077
2015-10-30,0.3095038347667477
2015-11-02,0.3126268558160178
2015-11-03,0.319749725314873
2015-11-04,0.32211499428979684
2015-11-05,0.3202963893113656
2015-11-06,0.31578235195418836
2015-11-09,0.30746331668082927
2015-11-10,0.2917074860492429
2015-11-11,0.2920755370567826
2015-11-12,0.28995924376342963
2015-11-13,0.27909632652619376
2015-11-16,0.26271264417586326
2015-11-17,0.2738407746391204
2015-11-18,0.27346189860194736
2015-11-19,0.28755067466997175
2015-11-20,0.2880648635775639
2015-11-23,0.2955557840839588
2015-11-24,0.3023701402382587
2015-11-25,0.2986517425591452
2015-11-26,0.3101587490595755
2015-11-27,0.30924403405554324
2015-11-30,0.28920690420390016
2015-12-01,0.30650530155826294
2015-12-02,0.2985813798665272
2015-12-03,0.29034353231541965
2015-12-04,0.2796971156708542
2015-12-07,0.2738894872724714
2015-12-08,0.2659709780955525
2015-12-09,0.26553797691021164
2015-12-10,0.26761097008503054
2015-12-11,0.2657436524732485
2015-12-14,0.25448562165438904
2015-12-15,0.25727306678502015
2015-12-16,0.2769908582624744
2015-12-17,0.2816239709456204
2015-12-18,0.28019506703399577
2015-12-21,0.2833722132314337
2015-12-22,0.289526242578089
2015-12-23,0.29313097744605077
2015-12-24,0.28849245224808795
2015-12-28,0.27410057535032484
2015-12-29,0.27531839118409585
2015-12-30,0.272612133775716
2016-01-04,0.2495818832304052
2016-01-05,0.25595241316973094
2016-01-06,0.25319203061318374
2016-01-07,0.24177162434982147
2016-01-08,0.24896485654129463
2016-01-11,0.23663514778871686
2016-01-12,0.23448096689164666
2016-01-13,0.24823957955584885
2016-01-14,0.23943341794898154
2016-01-15,0.22799136162635236
2016-01-18,0.22776403600404838
2016-01-19,0.23382064008400227
2016-01-20,0.20990273710874274
2016-01-21,0.20723977981889719
2016-01-22,0.22829446245609086
2016-01-25,0.23587198319955405
2016-01-26,0.22410517598791924
2016-01-27,0.23827513977819492
2016-01-28,0.24318429071699577
2016-01-29,0.24595549830317653
2016-02-01,0.2528618672093613
2016-02-02,0.24300026521322582
2016-02-03,0.23437812911012845
2016-02-04,0.2482287545262155
2016-02-05,0.2490568692931795
2016-02-11,0.21861147344890852
2016-02-12,0.20439820954009846
2016-02-15,0.21896869942681463
2016-02-16,0.23309536309855627
2016-02-17,0.23073550663844944
2016-02-18,0.24421266853218004
2016-02-19,0.24821792949658195
2016-02-22,0.2482828796743829
2016-02-23,0.2471246015035965
2016-02-24,0.2462098864995642
2016-02-25,0.24947904544888677
2016-02-26,0.2503396353047517
2016-02-29,0.24844525511888593
2016-03-02,0.26509415069523745
2016-03-03,0.2709126041232538
2016-03-04,0.269537825359797
2016-03-07,0.27075022867875076
2016-03-08,0.2643905237690586
2016-03-09,0.2680872713889054
2016-03-10,0.2769529706587571
2016-03-11,0.27807877374064305
2016-03-14,0.27854425001488436
2016-03-15,0.27729937160702967
2016-03-16,0.279967741411692
2016-03-17,0.28705272330682996
2016-03-18,0.28928809192615146
2016-03-21,0.2880107384293963
2016-03-22,0.2918265613752117
2016-03-23,0.2909118463711794
2016-03-24,0.2859593953138445
2016-03-25,0.28479029211342455
2016-03-28,0.284102902731696
2016-03-29,0.2907981835600274
2016-03-30,0.29471143177254444
2016-03-31,0.29130695995280276
2016-04-01,0.279247876941063
2016-04-04,0.28217063494211303
2016-04-05,0.2733861233945126
2016-04-06,0.2780300611072922
2016-04-07,0.2794210774151994
2016-04-08,0.2784251746889156
2016-04-11,0.2775158721997001
2016-04-12,0.2834425759240514
2016-04-14,0.3021752897048554
2016-04-15,0.3015149628972108
2016-04-18,0.2984785420850088
2016-04-19,0.29970177043359636
2016-04-20,0.2967086497399286
2016-04-21,0.3055148113467959
2016-04-22,0.3019371390529181
2016-04-25,0.3014283626601427
2016-04-26,0.3041779201870566
2016-04-27,0.30188842641956726
2016-04-28,0.2940565174797166
2016-04-29,0.2903868324339537
2016-05-02,0.28172680872713884
2016-05-03,0.28619754596578206
2016-05-04,0.28094740659352546
2016-05-09,0.2761302684066097
2016-05-10,0.2840812526724291
2016-05-11,0.2827822491164068
2016-05-12,0.28136958274923274
2016-05-13,0.2756864421916355
2016-05-16,0.2761843935547773
2016-05-17,0.2762655812770286
2016-05-18,0.2701332019896404
2016-05-19,0.2647477497469649
2016-05-20,0.26522946356565635
2016-05-23,0.2693321497967599
2016-05-24,0.25982236126371394
2016-05-25,0.2721791325903754
2016-05-26,0.27031181497859336
2016-05-27,0.27686637042168905
2016-05-30,0.27576221739907003
2016-05-31,0.28456837900593757
2016-06-01,0.2842003279983979
2016-06-02,0.2854939190396032
2016-06-03,0.28588903262122656
2016-06-07,0.29984790833364905
2016-06-08,0.30821024372554195
2016-06-09,0.3066352019138653
2016-06-10,0.3030954172237047
2016-06-13,0.28221934757546385
2016-06-14,0.278414349659282
2016-06-15,0.2766823449179191
2016-06-16,0.2675676699664965
2016-06-17,0.26833083455565954
2016-06-20,0.2833343256277162
2016-06-21,0.28418950296876433
2016-06-22,0.28953706760772235
2016-06-23,0.2863599214102849
2016-06-24,0.2530891928316653
2016-06-27,0.25396060771716356
2016-06-28,0.259032134100467
2016-06-29,0.2699329389414201
2016-06-30,0.2775050471700665
2016-07-01,0.28669008481410707
2016-07-04,0.29100927163788104
2016-07-05,0.2880594510627471
2016-07-06,0.2681792841407903
2016-07-07,0.2795239151967178
2016-07-08,0.2735809739279159
2016-07-11,0.2873504116217517
2016-07-12,0.28880637810746
2016-07-13,0.29655709932505936
2016-07-14,0.29829992909605585
2016-07-15,0.3028951541754844
2016-07-18,0.30497897237993665
2016-07-19,0.30269489112726433
2016-07-20,0.30192090150846773
2016-07-21,0.3001672467078377
2016-07-22,0.29914969392228696
2016-07-25,0.3002213718560053
2016-07-26,0.30835096911077786
2016-07-27,0.30711150321773995
2016-07-28,0.3049735598651201
2016-07-29,0.3023160150900913
2016-08-01,0.3095796099741822
2016-08-02,0.30385316929805095
2016-08-03,0.29073323338222623
2016-08-04,0.29356939114620817
2016-08-05,0.3032632051830241
2016-08-08,0.31039689971151285
2016-08-09,0.31724914346953004
2016-08-10,0.3177146197437716
2016-08-11,0.3199662259075434
2016-08-12,0.3208701158819419
2016-08-16,0.31940332436660046
2016-08-17,0.3172329059250799
2016-08-18,0.32357637329032174
2016-08-19,0.32399313693121223
2016-08-22,0.31637231606921523
2016-08-23,0.320577840081837
2016-08-24,0.3172383184398967
2016-08-25,0.31678366719528894
2016-08-26,0.31385008416460536
2016-08-29,0.31106263903397424
2016-08-30,0.31506248748355936
2016-08-31,0.31230751744182894
2016-09-01,0.3112629020821943
2016-09-02,0.31428849786476276
2016-09-05,0.3260715426208477
2016-09-06,0.3295626146776577
2016-09-07,0.3270457952878646
2016-09-08,0.32804711052896496
2016-09-09,0.31405034721282543
2016-09-12,0.2889416909778789
2016-09-13,0.2932067526534853
2016-09-19,0.3020941019826041
2016-09-20,0.30746872919564605
2016-09-21,0.3130327944272747
2016-09-22,0.32045335224105165
2016-09-23,0.3228186212159755
2016-09-26,0.3190515109035109
2016-09-27,0.32755457168063995
2016-09-28,0.32227195721948265
2016-09-29,0.3307479554225278
2016-09-30,0.31716795574727874
2016-10-04,0.32324620988649955
2016-10-05,0.3222394821305822
2016-10-06,0.3288968753551963
2016-10-07,0.322672483315923
2016-10-10,0.3243070627905843
2016-10-11,0.3108353134116705
2016-10-12,0.31180956607868715
2016-10-13,0.3019100764788344
2016-10-14,0.3058179121765344
2016-10-17,0.30849710701083033
2016-10-18,0.3154359510059158
2016-10-19,0.3157119892615706
2016-10-20,0.3155279637578007
2016-10-21,0.31141445249706357
2016-10-24,0.3193924993369669
2016-10-25,0.3136714711756522
2016-10-26,0.3010711366822366
2016-10-27,0.30660813933978137
2016-10-28,0.3040642573759046
2016-10-31,0.2979860032366838
2016-11-01,0.29755300205134316
2016-11-02,0.2821543973976629
2016-11-03,0.28478487959860777
2016-11-04,0.28382145196122466
2016-11-07,0.2922433250161022
2016-11-08,0.2953825836098226
2016-11-09,0.2710262669344058
2016-11-10,0.29496040745411534
2016-11-11,0.28512586803206375
2016-11-14,0.2796971156708542
2016-11-15,0.27597871799174045
2016-11-16,0.2825386859496527
2016-11-17,0.2830258122831609
2016-11-18,0.2797945409375556
2016-11-21,0.27517766579885994
2016-11-22,0.2846062666096548
2016-11-23,0.28703107324756305
2016-11-24,0.27799758601839153
2016-11-25,0.2797295907597547
2016-11-28,0.2817159836975053
2016-11-29,0.28185670908274096
2016-11-30,0.2846116791244716
2016-12-01,0.2847578170245241
2016-12-02,0.2776457725553022
2016-12-05,0.2737216993131518
2016-12-06,0.2880648635775639
2016-12-07,0.2891636040853661
2016-12-08,0.31036983713742894
2016-12-09,0.30691665268433665
2016-12-12,0.30829684396261026
2016-12-13,0.31302738191245794
2016-12-14,0.3135090957311494
2016-12-15,0.3133900204051808
2016-12-16,0.31641561618774927
2016-12-19,0.314331797983297
2016-12-20,0.31625324074324646
2016-12-21,0.31409905984617625
2016-12-22,0.3128920690420388
2016-12-23,0.3129840817939239
2016-12-26,0.31398539703502426
2016-12-27,0.316377728584032
2016-12-28,0.30680840238800144
2016-12-29,0.307874667806903
2017-01-02,0.3077122923624004
2017-01-03,0.3173519812510487
2017-01-04,0.3182558712254474
2017-01-05,0.31625865325806324
2017-01-06,0.3201394263816796
2017-01-09,0.31995540087790986
2017-01-10,0.3179744204549758
2017-01-11,0.33423902747933776
2017-01-12,0.3407178077149985
2017-01-13,0.33511585487965256
2017-01-16,0.3282852611809025
2017-01-17,0.332452897589807
2017-01-18,0.331733033119178
2017-01-19,0.3329508489529488
2017-01-20,0.3290646633145159
2017-01-23,0.3292703388775525
2017-01-24,0.3291458510367672
2017-01-25,0.32978452778514467
2017-01-26,0.33879636495504906
2017-01-31,0.33012551621860065
2017-02-01,0.33711307284703673
2017-02-02,0.3319874213155659
2017-02-03,0.33315111200116887
2017-02-06,0.33558674366871066
2017-02-07,0.33426067753860467
2017-02-08,0.3287778000292275
2017-02-09,0.32921080121456836
2017-02-10,0.3341903148459867
2017-02-13,0.33612258263556993
2017-02-14,0.3339142765903321
2017-02-15,0.3389425028551015
2017-02-16,0.3378491748621161
2017-02-17,0.33716719799520434
2017-02-20,0.3392293661403897
2017-02-21,0.34926416861066134
2017-02-22,0.35125597406322895
2017-02-23,0.35180805057453834
2017-02-24,0.3444957430570964
2017-02-27,0.33984098031468346
2017-02-28,0.34315343938254006
2017-03-02,0.3491126181957923
2017-03-03,0.33617670778373754
2017-03-06,0.3375893741509116
2017-03-07,0.34445785545337937
2017-03-08,0.3451939574684585
2017-03-09,0.3428395135231682
2017-03-10,0.3462439853429097
2017-03-13,0.35719891533203063
2017-03-14,0.3659617768203641
2017-03-15,0.3655396006646566
2017-03-16,0.37478417597168157
2017-03-17,0.38263232245598255
2017-03-20,0.378535048739696
2017-03-21,0.39010159290311053
2017-03-22,0.3846457779678173
2017-03-23,0.3870381095168246
2017-03-24,0.3849975914309064
2017-03-27,0.37780435923943323
2017-03-28,0.38194493307425426
2017-03-29,0.38393132601200486
2017-03-30,0.38266479754488303
2017-03-31,0.3802778785106923
2017-04-03,0.38421818929729323
2017-04-04,0.3807487672997504
2017-04-05,0.38061345442933125
2017-04-06,0.37622931742775634
2017-04-07,0.37567724091644694
2017-04-10,0.365712801138793
2017-04-11,0.36058714960732197
2017-04-12,0.36332588210460204
2017-04-13,0.37398853629361806
2017-04-14,0.36655715345020756
2017-04-17,0.37244596957084164
2017-04-18,0.37390734857136654
2017-04-19,0.36846235866570687
2017-04-20,0.374280812093723
2017-04-21,0.38288129813755345
2017-04-24,0.387590186028134
2017-04-25,0.40009850776966494
2017-04-26,0.4060468615532834
2017-04-27,0.40692368895359843
2017-04-28,0.4047478579972611
2017-05-02,0.4124498665815096
2017-05-04,0.42412466104125934
2017-05-08,0.45200993737720363
2017-05-10,0.43975600383206037
2017-05-11,0.45396385522605354
2017-05-12,0.4483619023907076
2017-05-15,0.45086789675086736
2017-05-16,0.4534009536851106
2017-05-17,0.4521831378513398
2017-05-18,0.44879490357604845
2017-05-19,0.4496933810356304
2017-05-22,0.45810984157569135
2017-05-23,0.4622828904994126
2017-05-24,0.46531389879679785
2017-05-25,0.4791645242128849
2017-05-26,0.4858598050412163
2017-05-29,0.48459868908891124
2017-05-30,0.47957046282414184
2017-05-31,0.4815730933063428
2017-06-01,0.48007382670210064
2017-06-02,0.4947471543703349
2017-06-05,0.4930692747771396
2017-06-07,0.4884794622125276
2017-06-08,0.4903359547946763
2017-06-09,0.500143431642644
2017-06-12,0.48725082134912323
2017-06-13,0.49636008378572927
2017-06-14,0.4952451057334767
2017-06-15,0.48929675194985844
2017-06-16,0.4893941772165601
2017-06-19,0.4943033281553607
2017-06-20,0.493399438180962
2017-06-21,0.48706679584535373
2017-06-22,0.49401646487007234
2017-06-23,0.49847096456426543
2017-06-26,0.5039159544699251
2017-06-27,0.5056966718446391
2017-06-28,0.5006143204317021
2017-06-29,0.5077047148416568
2017-06-30,0.505610071607571
2017-07-03,0.5070660380932791
2017-07-04,0.49951016740908327
2017-07-05,0.5037481665106057
2017-07-06,0.5034558907105008
2017-07-07,0.4991583539459937
2017-07-10,0.5003653447501312
2017-07-11,0.5078887403454265
2017-07-12,0.5055992465779374
2017-07-13,0.5151902228332349
2017-07-14,0.5179722554490492
2017-07-17,0.5236391584621961
2017-07-18,0.5241479348549715
2017-07-19,0.5262588156335076
2017-07-20,0.5326997082654513
2017-07-21,0.5371487954448274
2017-07-24,0.5379444351228911
2017-07-25,0.5316496803910001
2017-07-26,0.5287323349047669
2017-07-27,0.5334574603397976
2017-07-28,0.5105895852389893
2017-07-31,0.5115205377874722
2017-08-01,0.5224808802914097
2017-08-02,0.5250085247108364
2017-08-03,0.5029362892880919
2017-08-04,0.5075910520305048
2017-08-07,0.5093771819200353
2017-08-08,0.5072013509636982
2017-08-09,0.492944786936354
2017-08-10,0.4881168237198047
2017-08-11,0.4665966648083698
2017-08-14,0.4744502238074876
2017-08-16,0.4820493946102177
2017-08-17,0.489307576979492
2017-08-18,0.48752144708996126
2017-08-21,0.48569742959671347
2017-08-22,0.49128855740242583
2017-08-23,0.49186769648781914
2017-08-24,0.49697711047483983
2017-08-25,0.4984222519309146
2017-08-28,0.4939785772663553
2017-08-29,0.490969219028237
2017-08-30,0.4950556677148902
2017-08-31,0.49013027923163943
2017-09-01,0.4871533960824218
2017-09-04,0.47197670453622853
2017-09-05,0.47033671254675047
2017-09-06,0.4666562024713542
2017-09-07,0.48092900404314853
2017-09-08,0.47959211288340875
2017-09-11,0.4879057356419513
2017-09-12,0.49136433260986034
2017-09-13,0.4885011122717947
2017-09-14,0.49796218817148985
2017-09-15,0.5025141131323846
2017-09-18,0.519909935753449
2017-09-19,0.518740832553029
2017-09-20,0.5166570143485766
2017-09-21,0.513571880903024
2017-09-22,0.503943017044009
2017-09-25,0.4994452172312821
2017-09-26,0.4961544082226924
2017-09-27,0.49520721812975965
2017-09-28,0.4955157314743147
2017-09-29,0.5070606255784623
2017-10-10,0.5283534588675934
2017-10-11,0.5415329324464023
2017-10-12,0.550517707042223
2017-10-13,0.5499006803531122
2017-10-16,0.5533809273802887
2017-10-17,0.5557191337811286
2017-10-18,0.5549289066178816
2017-10-19,0.5495975795233737
2017-10-20,0.5585174039413933
2017-10-23,0.5587934421970481
2017-10-24,0.5590315928489852
2017-10-25,0.5601195083271538
2017-10-26,0.5536948532396607
2017-10-27,0.5623548769464756
2017-10-30,0.565223509799358
2017-10-31,0.5768604166553905
2017-11-01,0.5947433656099631
2017-11-02,0.5892713131302197
2017-11-03,0.595555242832477
2017-11-06,0.5909221301493311
2017-11-07,0.5887733617670777
2017-11-08,0.5925404720795423
2017-11-09,0.5915499818680753
2017-11-10,0.5874256455777046
2017-11-13,0.5806058769085879
2017-11-14,0.5785978339115702
2017-11-15,0.5740567339803092
2017-11-16,0.583009033487229
2017-11-17,0.5825760323018881
2017-11-20,0.5791553229376966
2017-11-21,0.5807953149271744
2017-11-22,0.5861049919624156
2017-11-23,0.5842863869839844
2017-11-24,0.5881725726224175
2017-11-27,0.5684060685116125
2017-11-28,0.571859252964705
2017-11-29,0.5711610385533431
2017-11-30,0.551389121927721
2017-12-01,0.5508695205053121
2017-12-04,0.5650827844141223
2017-12-05,0.5696563594342837
2017-12-06,0.5503066189643692
2017-12-07,0.5436005131064044
2017-12-08,0.5446938410993899
2017-12-11,0.5487478146971426
2017-12-12,0.5430700866543622
2017-12-13,0.5536515531211267
2017-12-14,0.547659899218974
2017-12-15,0.5544742553732741
2017-12-18,0.5543714175917557
2017-12-19,0.5525582251281412
2017-12-20,0.5492241160010175
2017-12-21,0.5261992779705232
2017-12-22,0.5319960813392725
2017-12-26,0.5248515617811503
2017-12-27,0.5299014381051869
2017-12-28,0.5465828087704389
2018-01-02,0.5531644267876182
2018-01-03,0.5567908117148469
2018-01-04,0.5460253197443127
2018-01-05,0.562836590765167
2018-01-08,0.57136671411638
2018-01-09,0.5697158970972683
2018-01-10,0.5640435815693045
2018-01-11,0.5576351640262615
2018-01-12,0.5622412141353236
2018-01-15,0.5661977624663747
2018-01-16,0.5759457016513582
2018-01-17,0.5725304048019829
2018-01-18,0.5727360803650198
2018-01-19,0.5751446494584779
2018-01-22,0.5653209350660596
2018-01-23,0.5839886986690624
2018-01-24,0.5847464507434089
2018-01-25,0.5978609741444166
2018-01-26,0.6046428552098161
2018-01-29,0.6173243774254832
2018-01-30,0.6008432698084508
2018-01-31,0.6001504679119057
2018-02-01,0.6012762709937917
2018-02-02,0.5779212695594752
2018-02-05,0.5597135697158969
2018-02-06,0.5389078627602742
2018-02-07,0.508191841175165
2018-02-08,0.514178082562501
2018-02-09,0.4904442050910113
2018-02-12,0.5021406496100284
2018-02-13,0.5074503266452691
2018-02-14,0.5218692661171159
2018-02-19,0.5332301347174938
2018-02-20,0.5182374686750703
2018-02-21,0.5261018527038218
2018-02-22,0.5177828174304627
2018-02-23,0.5379390226080744
2018-02-26,0.5412568941907477
2018-02-27,0.5404396044534171
2018-02-28,0.5248623868107839
2018-03-02,0.5112228494725503
2018-03-05,0.49655493431913256
2018-03-06,0.5162294256780525
2018-03-07,0.5110388239687805
2018-03-08,0.5279583452859701
2018-03-09,0.5422311468577644
2018-03-12,0.5555838209107097
2018-03-13,0.561196598775689
2018-03-14,0.5566446738147944
2018-03-15,0.5600545581493529
2018-03-16,0.5609151480052174
2018-03-19,0.5506638449422755
2018-03-20,0.5563415729850559
2018-03-21,0.556043884670134
2018-03-22,0.5620247135426532
2018-03-23,0.5191251211050191
2018-03-26,0.5301233512126738
2018-03-27,0.5382312984081793
2018-03-28,0.5204944873536591
2018-03-29,0.5297390626606838
2018-03-30,0.5348701267069716
2018-04-02,0.5339554117029394
2018-04-03,0.53301904663964
2018-04-04,0.5144162332144383
2018-04-05,0.5303615018646112
2018-04-06,0.5260639651001043
2018-04-09,0.5339121115844053
2018-04-10,0.5375168464523669
2018-04-11,0.5339878867918398
2018-04-12,0.5331705970545094
2018-04-13,0.539860465368024
2018-04-16,0.5411702939536794
2018-04-17,0.5391568384418451
2018-04-18,0.5533430397765714
2018-04-19,0.556655498844428
2018-04-20,0.5513674718684541
2018-04-23,0.5501658935791337
2018-04-24,0.5447696163068244
2018-04-25,0.5364722310927325
2018-04-26,0.5509940083460977
2018-04-27,0.5600653831789865
2018-04-30,0.5725033422278992
2018-05-02,0.5672153152519256
2018-05-03,0.5572779380483553
2018-05-04,0.543275762217399
2018-05-08,0.5370134825744085
2018-05-09,0.5338579864362377
2018-05-10,0.544780441336458
2018-05-11,0.552114398913167
2018-05-14,0.5512483965424856
2018-05-15,0.5417386080094394
2018-05-16,0.5424314099059847
2018-05-17,0.5362773805593292
2018-05-18,0.5428806486357757
2018-05-21,0.5455436059256212
2018-05-23,0.5489751403194464
2018-05-24,0.5457817565775586
2018-05-25,0.542961836358027
2018-05-28,0.5527909632652618
2018-05-29,0.5410403935980773
2018-05-30,0.514941247151664
2018-05-31,0.5225079428654936
2018-06-01,0.5311409039982246
2018-06-04,0.5359039170369729
2018-06-05,0.5391514259270286
2018-06-07,0.5482552758488176
2018-06-08,0.5379714976969748
2018-06-11,0.5480225377116968
2018-06-12,0.5473080857558846
2018-06-14,0.5227623310618813
2018-06-15,0.512240402258101
2018-06-18,0.49719361106751003
2018-06-19,0.47763819503455884
2018-06-20,0.4905199802984458
2018-06-21,0.4764041416563377
2018-06-22,0.4868990078860339
2018-06-25,0.48725623386394024
2018-06-26,0.48348912355147566
2018-06-27,0.4786773978793767
2018-06-28,0.4636360192036023
2018-06-29,0.47007149932072945
2018-07-02,0.4405245809360402
2018-07-03,0.441184907743685
2018-07-04,0.4372337719274505
2018-07-05,0.432952472707394
2018-07-06,0.4412444454066692
2018-07-09,0.44824282706473906
2018-07-10,0.45276768945154966
2018-07-11,0.4454391443896576
2018-07-12,0.4478423009682987
2018-07-13,0.4618282392548049
2018-07-16,0.4570056885530721
2018-07-17,0.4548027950226513
2018-07-18,0.4505756209507624
2018-07-19,0.44634303436405653
2018-07-20,0.4500776695876204
2018-07-23,0.43931759013190297
2018-07-24,0.4452118187673536
2018-07-25,0.4413310456437375
2018-07-26,0.45000730689500246
2018-07-27,0.45321692818134063
2018-07-30,0.45241587598846056
2018-07-31,0.4533630660813933
2018-08-01,0.4597552460799862
2018-08-02,0.4397993039505944
2018-08-03,0.44926037985028955
2018-08-06,0.4486217031019121
2018-08-07,0.4560151983416053
2018-08-08,0.4567134127529672
2018-08-09,0.45793664110155496
2018-08-10,0.44661366010489434
2018-08-13,0.4280270842241428
2018-08-14,0.43368857472247313
2018-08-16,0.42388651038932224
2018-08-17,0.4272693321497968
2018-08-20,0.42771857087958776
2018-08-21,0.4397235287431599
2018-08-22,0.4414934210882401
2018-08-23,0.4465108223233759
2018-08-24,0.45225350054395774
2018-08-27,0.4555497220673642
2018-08-28,0.4576173027273661
2018-08-29,0.46081609898407094
2018-08-30,0.4599067964948552
2018-08-31,0.4683124320052826
2018-09-03,0.45973359602071906
2018-09-04,0.4644370713964828
2018-09-05,0.45147409841034436
2018-09-06,0.4492224922465725
2018-09-07,0.4459587458120665
2018-09-10,0.44979080630233204
2018-09-11,0.44683557321238154
2018-09-12,0.4466840227975123
2018-09-13,0.4484755652018596
2018-09-14,0.46580643764512286
2018-09-17,0.45755776506438195
2018-09-18,0.46078903640998703
2018-09-19,0.46050758563951566
2018-09-20,0.46862094534983767
2018-09-21,0.4771294186417835
2018-09-27,0.485930167733834
2018-09-28,0.47924029942031965
2018-10-01,0.47697245571209745
2018-10-02,0.4611083747841759
2018-10-04,0.442121272806984
2018-10-05,0.43834874997970286
2018-10-08,0.4309390171955595
2018-10-10,0.4172886548276925
2018-10-11,0.36373723323067597
2018-10-12,0.3811547059110073
2018-10-15,0.3720995686225689
2018-10-16,0.3720995686225689
2018-10-17,0.38421818929729323
2018-10-18,0.37382616084911524
2018-10-19,0.3781291101284391
2018-10-22,0.3810789307035728
2018-10-23,0.35097993580757414
2018-10-24,0.34636847318369524
2018-10-25,0.3278143723918444
2018-10-26,0.30824813132925943
2018-10-29,0.29141521024913797
2018-10-30,0.30150413786757724
2018-10-31,0.30962291009271625
2018-11-01,0.3067921648435511
2018-11-02,0.34551329584264734
2018-11-05,0.3351862175722705
2018-11-06,0.34206011138955483
2018-11-07,0.33614423269483684
2018-11-08,0.34368927834939955
2018-11-09,0.34014949365923897
2018-11-12,0.3370914227877698
2018-11-13,0.33210649664153447
2018-11-14,0.3303853169298051
2018-11-15,0.3412157590781403
2018-11-16,0.343564790508614
2018-11-19,0.3479814025990894
2018-11-20,0.3382497009585562
2018-11-21,0.33498595452405044
2018-11-22,0.33141369474498916
2018-11-23,0.3246642887684904
2018-11-26,0.3384878516104938
2018-11-27,0.34736437590997904
2018-11-28,0.35212738894872697
2018-11-29,0.3553099476609817
2018-11-30,0.34597877211688866
2018-12-03,0.3649604615792633
2018-12-04,0.3554452605314006
2018-12-05,0.34838734121034654
2018-12-06,0.33073171787807765
2018-12-07,0.3345583658535266
2018-12-10,0.32266707080110624
2018-12-11,0.32222324458613183
2018-12-12,0.33824428844373966
2018-12-13,0.3452697326758932
2018-12-14,0.3311051814004341
2018-12-17,0.33203072143409995
2018-12-18,0.32717028312864993
2018-12-19,0.33622542041708836
2018-12-20,0.32609319268011483
2018-12-21,0.32683470721001073
2018-12-24,0.32332739760875107
2018-12-26,0.30871360760350075
2018-12-27,0.3089463457406213
2018-12-28,0.315766114409738
2019-01-02,0.29896566841851724
2019-01-03,0.2901432692671996
2019-01-04,0.29910098128893614
2019-01-07,0.31363358357193494
2019-01-08,0.3072305785437087
2019-01-09,0.32857753698100745
2019-01-10,0.32780354736221085
2019-01-11,0.3344555280720082
2019-01-14,0.328474699199489
2019-01-15,0.3461519725910248
2019-01-16,0.35097993580757414
2019-01-17,0.35149953722998306
2019-01-18,0.36081988774444274
2019-01-21,0.3609985007333957
2019-01-22,0.3572963405987323
2019-01-23,0.3627142679303085
2019-01-24,0.3720508559892183
2019-01-25,0.3897497794400212
2019-01-28,0.38951704130290066
2019-01-29,0.3927970252818568
2019-01-30,0.4051592091233348
2019-01-31,0.40442851962307225
2019-02-01,0.4036761800635428
2019-02-07,0.40365453000427587
2019-02-08,0.38938172843248153
2019-02-11,0.3913735338850489
2019-02-12,0.39664532331657243
2019-02-13,0.40260450212982446
2019-02-14,0.4157948007382669
2019-02-15,0.3996871566435912
2019-02-18,0.40769767857239503
2019-02-19,0.40485069577877975
2019-02-20,0.41791109403161986
2019-02-21,0.4173157174017762
2019-02-22,0.41831162012806
2019-02-25,0.41942659818031236
2019-02-26,0.41620073934952384
2019-02-27,0.4206335889844498
2019-02-28,0.3993353431805019
2019-03-04,0.39674816109809086
2019-03-05,0.39056165666253506
2019-03-06,0.38859691378405137
2019-03-07,0.3832872367488104
2019-03-08,0.36794275724329795
2019-03-11,0.36829998322120383
2019-03-12,0.37862706149158065
2019-03-13,0.37388028599728285
2019-03-14,0.3778151842690668
2019-03-15,0.3888729520397062
2019-03-18,0.39070238204777075
2019-03-19,0.3896902417770368
2019-03-20,0.3894087910065652
2019-03-21,0.393619727534004
2019-03-22,0.3947401181010731
2019-03-25,0.3719588432373334
2019-03-26,0.3740913740751365
2019-03-27,0.3723701943634069
2019-03-28,0.36288746840444464
2019-03-29,0.3696909995291112
2019-04-01,0.3846349529381837
2019-04-02,0.38945209112509926
2019-04-03,0.40357334228202435
2019-04-04,0.40533782211228797
2019-04-05,0.40700487667584995
2019-04-08,0.407540715642709
2019-04-09,0.4091428200284698
2019-04-10,0.41500457357501996
2019-04-11,0.4150316361491039
2019-04-12,0.4199083119990038
2019-04-15,0.42501231347120816
2019-04-16,0.4281245094908447
2019-04-17,0.42664148043105243
2019-04-18,0.40925648283962157
2019-04-19,0.41054466136601053
2019-04-22,0.41081528710684834
2019-04-23,0.4129045178261176
2019-04-24,0.40236093896307035
2019-04-25,0.3966615608610228
2019-04-26,0.3906049567810691
2019-04-29,0.41069621178087956
2019-04-30,0.40374654275616073
2019-05-02,0.4087044063283122
2019-05-03,0.3998116444843768
2019-05-07,0.38934925334358084
2019-05-08,0.38448881503813126
2019-05-09,0.34876621724751977
2019-05-10,0.35202996368202555
2019-05-13,0.3363174331689732
2019-05-14,0.3378491748621161
2019-05-15,0.34377046607165085
2019-05-16,0.3301904663964016
2019-05-17,0.3237549862792749
2019-05-20,0.3237062736459241
2019-05-21,0.3267048068544086
2019-05-22,0.32865872470325874
2019-05-23,0.3258063293948267
2019-05-24,0.31807725823649424
2019-05-27,0.3174818816066508
2019-05-28,0.31998246345199355
2019-05-29,0.30617513815444053
2019-05-30,0.314553711090784
2019-05-31,0.31614499044691124
2019-06-03,0.3302770666334697
2019-06-04,0.3298007653295948
2019-06-05,0.33095904350038163
2019-06-07,0.3327018732713779
2019-06-10,0.3474022635136961
2019-06-11,0.35407048176794376
2019-06-12,0.35241425223401535
2019-06-13,0.34938324393663034
2019-06-14,0.3451939574684585
2019-06-17,0.34266090053421505
2019-06-18,0.346980087357989
2019-06-19,0.36109051348528076
2019-06-20,0.3646140606309908
2019-06-21,0.3615451647298883
2019-06-24,0.3619294532818783
2019-06-25,0.3593909838328181
2019-06-26,0.3595046466439701
2019-06-27,0.36625405262046906
2019-06-28,0.3642514221382679
2019-07-01,0.363775120834393
2019-07-02,0.35959665939585495
2019-07-03,0.3455241208722807
2019-07-04,0.3524034272043818
2019-07-05,0.35341015496029915
2019-07-08,0.3282852611809025
2019-07-09,0.3217144681933567
2019-07-10,0.3253679156946693
2019-07-11,0.33716719799520434
2019-07-12,0.340458007003794
2019-07-15,0.3381955758103886
2019-07-16,0.3432779272233256
2019-07-17,0.33302121164556675
2019-07-18,0.32957343970729125
2019-07-19,0.34462564341269875
2019-07-22,0.34407356690138935
2019-07-23,0.34846311641778105
2019-07-24,0.3380981505436872
2019-07-25,0.3338655639569813
2019-07-26,0.3294164767776052
2019-07-29,0.30950924728156426
2019-07-30,0.31448876091298283
2019-07-31,0.3068408774769019
2019-08-01,0.30293845429401844
2019-08-02,0.2925410133310239
2019-08-05,0.2648560000433001
2019-08-06,0.24889990636349346
2019-08-07,0.24468355732123814
2019-08-08,0.25058319847150556
2019-08-09,0.2598602488674312
2019-08-12,0.2623175305942399
2019-08-13,0.25340853120585394
2019-08-14,0.2601958247860702
2019-08-16,0.25413380819129994
2019-08-19,0.2610239395530344
2019-08-20,0.2720384072051397
2019-08-21,0.2744199137245137
2019-08-22,0.267037243514454
2019-08-23,0.26557045199911233
2019-08-26,0.2482558171002992
2019-08-27,0.25274279188339255
2019-08-28,0.26166802881622864
2019-08-29,0.2575112174369577
2019-08-30,0.27611944337697614
2019-09-02,0.2768771954513224
2019-09-03,0.27498281526545665
2019-09-04,0.2873449991069349
2019-09-05,0.2961240981397185
2019-09-06,0.29849477962945914
2019-09-09,0.3041346200685223
2019-09-10,0.3109165011339218
2019-09-11,0.3201827265002136
2019-09-16,0.3272298207916343
2019-09-17,0.3272893584546187
2019-09-18,0.33183587090069644
2019-09-19,0.337042710154419
2019-09-20,0.3430884892047391
2019-09-23,0.34318591447144076
2019-09-24,0.34824120331029385
2019-09-25,0.33327559984195443
2019-09-26,0.3338872140162482
2019-09-27,0.320577840081837
2019-09-30,0.3276790595214255
2019-10-01,0.33275058590472895
2019-10-02,0.3108244883820369
2019-10-04,0.3047516467576329
2019-10-07,0.30531454829857585
2019-10-08,0.3185860346292696
2019-10-10,0.3087893828109355
2019-10-11,0.3176983821993212
2019-10-14,0.3300335034667158
2019-10-15,0.33045026710760605
2019-10-16,0.3383850138289751
2019-10-17,0.3357382940835799
2019-10-18,0.3264017060246701
2019-10-21,0.3286478996736254
2019-10-22,0.3416487602634811
2019-10-23,0.33718884805447147
2019-10-24,0.339916755522118
2019-10-25,0.3411237463262554
2019-10-28,0.34421429228662503
2019-10-29,0.3437217534383
2019-10-30,0.33699941003588496
2019-10-31,0.33873682729206467
2019-11-01,0.3477865520656861
2019-11-04,0.36404574657523103
2019-11-05,0.37075726494801253
2019-11-06,0.3715745546853434
2019-11-07,0.3716503298927779
2019-11-08,0.36782909443214595
2019-11-11,0.3607170499629243
2019-11-12,0.3698263123995301
2019-11-13,0.3598293975329755
2019-11-14,0.36891159739549784
2019-11-15,0.38133331889996025
2019-11-18,0.3805268541922632
2019-11-19,0.37649453065377736
2019-11-20,0.3613827892853857
2019-11-21,0.34583804673165275
2019-11-22,0.34873915467343586
2019-11-25,0.36039771158873546
2019-11-26,0.35923402090313206
2019-11-27,0.36275215553402573
2019-11-28,0.35774557932852324
2019-11-29,0.3411616339299729
2019-12-02,0.34330498979740953
2019-12-03,0.3390561656662535
2019-12-04,0.33083996817441264
2019-12-05,0.3264287685987538
2019-12-06,0.33785458737693286
2019-12-09,0.34153509745232913
2019-12-10,0.3465957988059992
2019-12-11,0.3507201350963697
2019-12-12,0.3678940446099469
2019-12-13,0.38570121835708526
2019-12-16,0.3845645902455658
2019-12-17,0.399465243536104
2019-12-18,0.39896729217296245
2019-12-19,0.3999415448399789
2019-12-20,0.40406588113034936
2019-12-23,0.4038114929339619
2019-12-24,0.3964342352387188
2019-12-26,0.4006830593698748
2019-12-27,0.4040821186747997
2019-12-30,0.4005423339846391
2020-01-02,0.3883641756469308
2020-01-03,0.3890623900582927
2020-01-06,0.3774850208652446
2020-01-07,0.3885644386951509
2020-01-08,0.37544991529414296
2020-01-09,0.3944694923602351
2020-01-10,0.40526204690485323
2020-01-13,0.41764046829078205
2020-01-14,0.4228473075445044
2020-01-15,0.41857142083926446
2020-01-16,0.4278105836314726
2020-01-17,0.4291745373652961
2020-01-20,0.43570744274912443
2020-01-21,0.4232857212446618
2020-01-22,0.4382026120796504
2020-01-23,0.4267713807866548
2020-01-28,0.38920311544352837
2020-01-29,0.3938362281266744
2020-01-30,0.37365837288979564
2020-01-31,0.35796749243601067
2020-02-03,0.3578971297433927
2020-02-04,0.37901676255838745
2020-02-05,0.3832006365117425
2020-02-06,0.4169260163349696
2020-02-07,0.40827140514297133
2020-02-10,0.4023825890223375
2020-02-11,0.41431718419329167
2020-02-12,0.42257668180366637
2020-02-13,0.4196430987729828
2020-02-14,0.42539660202319796
2020-02-17,0.42462802491921814
2020-02-18,0.40660976309422636
2020-02-19,0.4073999902574733
2020-02-20,0.3993678182694024
2020-02-21,0.3816905448778666
2020-02-24,0.33633367071342357
2020-02-25,0.34963221961820123
2020-02-26,0.335105029850019
2020-02-27,0.3232624474309497
2020-02-28,0.2865222968547875
2020-03-02,0.2949116948207645
2020-03-03,0.3012118620674723
2020-03-04,0.32566560400959077
2020-03-05,0.339700254929448
2020-03-06,0.3153222881947638
2020-03-09,0.26907234908555544
2020-03-10,0.27348896117603105
2020-03-11,0.24390415518762476
2020-03-12,0.20388402063250632
2020-03-13,0.16984471494990705
2020-03-16,0.1392207061166828
2020-03-17,0.11626081826398993
2020-03-18,0.07228954789263731
2020-03-19,0.0
2020-03-20,0.05873119827665518
2020-03-23,0.013433861775196565
2020-03-24,0.08244883820369453
2020-03-25,0.133754066151756
2020-03-26,0.12373008871111779
2020-03-27,0.14077409786909278
2020-03-30,0.14044393446527048
2020-03-31,0.16075169005775147
2020-04-01,0.12330791255541051
2020-04-02,0.1446332209334421
2020-04-03,0.14494714679281429
2020-04-06,0.18090789523536321
2020-04-07,0.19807639223412354
2020-04-08,0.18916739284573791
2020-04-09,0.20490157341805715
2020-04-10,0.21815682220430077
2020-04-13,0.19924549543454362
2020-04-14,0.21619749184063386
2020-04-16,0.21619207932581708
2020-04-17,0.2472923894629161
2020-04-20,0.23854035300421617
2020-04-21,0.22826739988200717
2020-04-22,0.2373441872297125
2020-04-23,0.2474006397592513
2020-04-24,0.2334796516505463
2020-04-27,0.25175230167192575
2020-04-28,0.25787926844449716
2020-04-29,0.26516992590267197
2020-05-04,0.23692201107400523
2020-05-06,0.2549943980471646
2020-05-07,0.2549132103249131
2020-05-08,0.264228148324556
2020-05-11,0.2585883078854928
2020-05-12,0.2514275507829201
2020-05-13,0.26130539032350597
2020-05-14,0.25293764241679606
2020-05-15,0.2541933458542841
2020-05-18,0.25951384791915844
2020-05-19,0.2830582873720616
2020-05-20,0.28794578825159534
2020-05-21,0.29263843859772554
2020-05-22,0.27738597184409797
2020-05-25,0.2906303956007078
2020-05-26,0.3096716227260671
2020-05-27,0.3104401998300469
2020-05-28,0.3090004708887889
2020-05-29,0.30957419745936543
2020-06-01,0.3287778000292275
2020-06-02,0.3407448702890824
2020-06-03,0.3731171214081198
2020-06-04,0.375379552601525
2020-06-05,0.3919905605741595
2020-06-08,0.39330038915981513
2020-06-09,0.3958063835199749
2020-06-10,0.3994706560509208
2020-06-11,0.38923559053242907
2020-06-12,0.3651607246274836
2020-06-15,0.31023452426701004
2020-06-16,0.36827292064712036
2020-06-17,0.3698966750921481
2020-06-18,0.3657994013758611
2020-06-19,0.37004281299220054
2020-06-22,0.36214595387454873
2020-06-23,0.36458699805690686
2020-06-24,0.3809706804072376
2020-06-25,0.35437358259768226
2020-06-26,0.366432665609422
2020-06-29,0.34414934210882386
2020-06-30,0.35218692661171136
2020-07-01,0.35130468669657955
2020-07-02,0.3668223666762286
2020-07-03,0.3760452919239864
2020-07-06,0.3952705445531156
2020-07-07,0.3824104093484956
2020-07-08,0.37954718901042994
2020-07-09,0.38442927737514687
2020-07-10,0.37487618872356643
2020-07-13,0.3942584042823817
2020-07-14,0.3929323381522757
2020-07-15,0.4028210027224949
2020-07-16,0.3930135258745272
2020-07-17,0.4024475392001384
2020-07-20,0.4008291972699273
2020-07-21,0.41740773015366106
2020-07-22,0.4173157174017762
2020-07-23,0.41056631142527744
2020-07-24,0.4020416005888815
2020-07-27,0.4114702013996764
2020-07-28,0.4326493718776553
2020-07-29,0.4359888935195958
2020-07-30,0.43807271172404827
2020-07-31,0.42852503558728483
2020-08-03,0.42942892556168355
2020-08-04,0.44508733092656827
2020-08-05,0.4623478406772138
2020-08-06,0.47899132373874875
2020-08-07,0.4838950621627326
2020-08-10,0.5026819010917042
2020-08-11,0.5201589114350199
2020-08-12,0.5275632317043467
2020-08-13,0.5303669143794282
2020-08-14,0.514107719869883
2020-08-18,0.4820385695805841
2020-08-19,0.488695962805198
2020-08-20,0.4419751349069315
2020-08-21,0.45841294240542985
2020-08-24,0.4720741298029302
2020-08-25,0.4920463094767721
2020-08-26,0.4934481508143128
2020-08-27,0.47998722646503234
2020-08-28,0.48504792781870243
2020-08-31,0.47009314937999636
2020-09-01,0.48274760902157976
2020-09-02,0.4907689559800169
2020-09-03,0.5078346151972591
2020-09-04,0.4928690117289195
2020-09-07,0.501512797891284
2020-09-08,0.5110875366021314
2020-09-09,0.4969608729303895
2020-09-10,0.508148541056631
2020-09-11,0.508262203867783
2020-09-14,0.5251600751257054
2020-09-15,0.5336414858435673
2020-09-16,0.5294954994939297
2020-09-17,0.5133932679140708
2020-09-18,0.516765264644912
2020-09-21,0.5043110680515487
2020-09-22,0.473567983892356
2020-09-23,0.4739197973554451
2020-09-24,0.4411524326547841
2020-09-25,0.4444486541781908
2020-09-28,0.4603019100764788
2020-09-29,0.47102410192847877
2020-10-05,0.4873211840417412
2020-10-06,0.4915970707469811
2020-10-07,0.5029850019214427
2020-10-08,0.5057020843594559
2020-10-12,0.5120726142987816
2020-10-13,0.5117586884394095
2020-10-14,0.49948851734981614
2020-10-15,0.4890586012979209
2020-10-16,0.47840677213853866
2020-10-19,0.48122669235807003
2020-10-20,0.48754309714922817
2020-10-21,0.4942816780960938
2020-10-22,0.4857244921707974
2020-10-23,0.48884210070525047
2020-10-26,0.4796949506649272
2020-10-27,0.472620793799423
2020-10-28,0.48042564016518996
2020-10-29,0.4703637751208344
2020-10-30,0.438148486931483
2020-11-02,0.4560151983416053
2020-11-03,0.47937019977592177
2020-11-04,0.48695313303420174
2020-11-05,0.5175176042044415
2020-11-06,0.5189843957197832
2020-11-09,0.5356008162072342
2020-11-10,0.5386480620490698
2020-11-11,0.5565310110036424
2020-11-12,0.5509831833164641
2020-11-13,0.56086102285705
2020-11-16,0.5874689456962389
2020-11-17,0.5853688899473363
2020-11-18,0.5888816120634129
2020-11-19,0.589845039700796
2020-11-20,0.5931358487093857
2020-11-23,0.6197058839448574
2020-11-24,0.6279166689218812
2020-11-25,0.6191375698890974
2020-11-26,0.6323278684975399
2020-11-27,0.6364089046693763
2020-11-30,0.613616804776003
2020-12-01,0.6368419058547171
2020-12-02,0.6593850300665197
2020-12-03,0.6703832601741745
2020-12-04,0.6894515498736177
2020-12-07,0.6970236581022641
2020-12-08,0.6729325546528683
2020-12-09,0.7024524104634734
2020-12-10,0.6975757346135735
2020-12-11,0.7103492695811254
2020-12-14,0.7060950329351524
2020-12-15,0.7031830999637362
2020-12-16,0.7112856346444246
2020-12-17,0.7105495326293455
2020-12-18,0.7114967227222783
2020-12-21,0.7149986198087216
2020-12-22,0.6906585406777549
2020-12-23,0.7048068544087639
2020-12-24,0.7302673241067997
2020-12-28,0.7312091016849157
2020-12-29,0.7376554068316762
2020-12-30,0.7663200853012334
2021-01-04,0.8047381154705909
2021-01-05,0.829700633805485
2021-01-06,0.8175982506752112
2021-01-07,0.8519514822171824
2021-01-08,0.9171722857591321
2021-01-11,0.9151534177324808
2021-01-12,0.9029752593947725
2021-01-13,0.9150668174954127
2021-01-14,0.9159544699253613
2021-01-15,0.8812981375536516
2021-01-18,0.8423442684174346
2021-01-19,0.8849569975697807
2021-01-20,0.8968049925036671
2021-01-21,0.9218595235904458
2021-01-22,0.9109208311457752
2021-01-25,0.9479207824331418
2021-01-26,0.9107476306716388
2021-01-27,0.9011404168718912
2021-01-28,0.8721780500874122
2021-01-29,0.8219282625286185
2021-02-01,0.8654015815368296
2021-02-02,0.8872031912187358
2021-02-03,0.9049941274214236
2021-02-04,0.8821912024984168
2021-02-05,0.9000958015122565
2021-02-08,0.8841884204658009
2021-02-09,0.8806323982311902
2021-02-10,0.889243709304654
2021-02-15,0.9143686030840509
2021-02-16,0.9231639396612848
2021-02-17,0.9071861959222113
2021-02-18,0.8817094886797251
2021-02-19,0.8930541197356526
2021-02-22,0.8779694409413444
2021-02-23,0.8727409516283552
2021-02-24,0.8320875528396757
2021-02-25,0.8887619954859626
2021-02-26,0.8418138419653921
2021-03-02,0.8585493377788119
2021-03-03,0.8797230957419745
2021-03-04,0.8583436622157751
2021-03-05,0.8490178991864991
2021-03-08,0.8326991670139697
2021-03-09,0.8218795498952677
2021-03-10,0.812137023225101
2021-03-11,0.842219780576649
2021-03-12,0.8642433033660427
2021-03-15,0.8595452405050957
2021-03-16,0.8711604973018613
2021-03-17,0.8605140806572956
2021-03-18,0.8705326455831174
2021-03-19,0.8562003063483387
2021-03-22,0.8539974128179176
2021-03-23,0.8373701673008328
2021-03-24,0.8328290673695719
2021-03-25,0.8393132601200494
2021-03-26,0.857001358541219
2021-03-29,0.8543113386772895
2021-03-30,0.8726922389950041
2021-03-31,0.8680483012822248
2021-04-01,0.8821100147761655
2021-04-02,0.8958578024107341
2021-04-05,0.9002040518085918
2021-04-06,0.9035868735690663
2021-04-07,0.9091780013747787
2021-04-08,0.912344322542583
2021-04-09,0.9061848806811109
2021-04-12,0.9081929236781286
2021-04-13,0.9263194357994554
2021-04-14,0.9335180805057454
2021-04-15,0.9399860357117727
2021-04-16,0.9423080045681623
2021-04-19,0.9424270798941311
2021-04-20,0.9542588372835669
2021-04-21,0.9277158646221791
2021-04-22,0.9308875983048003
2021-04-23,0.9355315360175797
2021-04-26,0.9525430700866543
2021-04-27,0.951401029460318
2021-04-28,0.9330255416574201
2021-04-29,0.9290202806930185
2021-04-30,0.9148340793582922
2021-05-03,0.9036518237468673
2021-05-04,0.914568866132271
2021-05-06,0.9315479251124449
2021-05-07,0.9415394274641825
2021-05-10,0.9697386296594986
2021-05-11,0.9481589330850791
2021-05-12,0.92230334980542
2021-05-13,0.9008968537051371
2021-05-14,0.9177893124482429
2021-05-17,0.9076137845927353
2021-05-18,0.9284682041817091
2021-05-20,0.9226389257240591
2021-05-21,0.9194671920414382
2021-05-24,0.912907224083526
2021-05-25,0.9275318391184096
2021-05-26,0.9259676223363659
2021-05-27,0.9243871680098724
2021-05-28,0.9369550274143875
2021-05-31,0.945176637421045
2021-06-01,0.9548921015171278
2021-06-02,0.956169455013883
2021-06-03,0.9687264893887645
2021-06-04,0.9647482909984465
2021-06-07,0.9712649588378247
2021-06-08,0.9689429899814349
2021-06-09,0.9518123805863917
2021-06-10,0.9563913681213702
2021-06-11,0.9697494546891322
2021-06-14,0.9712703713526415
2021-06-15,0.9747885059835352
2021-06-16,0.9856405981911375
2021-06-17,0.9782146278625438
2021-06-18,0.9798221447631211
2021-06-21,0.9651325795504365
2021-06-22,0.9776300762623337
2021-06-23,0.9842928820017643
2021-06-24,0.9896566841851727
2021-06-25,0.9987172339884279
2021-06-28,0.9982030450808358
2021-06-29,0.9899706100445448
2021-06-30,0.9953831248613042
2021-07-01,0.987470028199202
2021-07-02,0.987318477784333
2021-07-05,0.9935049822198888
2021-07-06,0.9999999999999999
2021-07-07,0.9892453330590992
2021-07-08,0.9715680596675632
2021-07-09,0.952770395708958
2021-07-12,0.9682068879663556
2021-07-13,0.9816894623749032
2021-07-14,0.9781334401402922
2021-07-15,0.9897216343629739
2021-07-16,0.9846825830685709
2021-07-19,0.9668916468658831
2021-07-20,0.9607538550636782
2021-07-21,0.9516662426863393
2021-07-22,0.9702311685078236
2021-07-23,0.9725098372456794
2021-07-26,0.9565591560806895
2021-07-27,0.9606618423117933
2021-07-28,0.96300546122745
2021-07-29,0.9661393073063537
2021-07-30,0.9443106350503635
2021-08-02,0.9555253657506887
2021-08-03,0.9631570116423193
2021-08-04,0.9865607257099865
2021-08-05,0.9842604069128639
2021-08-06,0.9811373858635938
2021-08-09,0.9757573461357351
2021-08-10,0.9664315831064586
2021-08-11,0.9542155371650328
2021-08-12,0.9475906190293196
2021-08-13,0.9275156015739593
2021-08-17,0.9122523097906982
2021-08-18,0.9208257332604447
2021-08-19,0.8877552677300452
2021-08-20,0.8675557624338998
2021-08-23,0.8836309314396747
2021-08-24,0.9096597151934703
2021-08-25,0.9142657653025325
2021-08-26,0.9043716882174965
2021-08-27,0.9072782086740961
2021-08-30,0.9128476864205416
2021-08-31,0.9426598180312519
2021-09-01,0.9468545170142403
2021-09-02,0.9299837083304013
2021-09-03,0.9436286581834518
2021-09-06,0.9448572990468561
2021-09-07,0.9362459879733921
2021-09-08,0.9230232142760489
2021-09-09,0.8968861802259182
2021-09-10,0.9028724216132541
2021-09-13,0.9040090497247736
2021-09-14,0.9153590932955177
2021-09-15,0.917832612566777
2021-09-16,0.905216040528911
2021-09-17,0.9108558809679742
2021-09-23,0.9038574993099043
2021-09-24,0.9025909708427825
2021-09-27,0.9071374832888605
2021-09-28,0.8878039803633963
2021-09-29,0.8674258620782974
2021-09-30,0.8720535622466267
2021-10-01,0.8451858386962333
2021-10-05,0.8143290917258886
2021-10-06,0.7851772869228227
2021-10-07,0.8128623002105467
2021-10-08,0.8111519455284509
2021-10-12,0.7895451863799477
2021-10-13,0.8047164654113238
2021-10-14,0.8286560184458504
2021-10-15,0.8429558825917284
2021-10-18,0.8384201951752842
2021-10-19,0.850522578305558
2021-10-20,0.841911267232094
2021-10-21,0.8387720086383735
2021-10-22,0.8381387444048126
2021-10-25,0.8459219407113127
2021-10-26,0.8613692579983437
2021-10-27,0.8486011355456083
2021-10-28,0.8399735869276942
2021-10-29,0.8189351418349505
2021-11-01,0.823405879073594
2021-11-02,0.8421061177654973
2021-11-03,0.8216576367877807
2021-11-04,0.8257224354151668
2021-11-05,0.8181719772457877
2021-11-08,0.8132628263069869
2021-11-09,0.8144860546555747
2021-11-10,0.7970090443122587
2021-11-11,0.7941674740334602
2021-11-12,0.8179175890494
2021-11-15,0.8345448345664844
2021-11-16,0.8332945436438132
2021-11-17,0.8144644045963075
2021-11-18,0.8063239823119016
2021-11-19,0.8191191673387205
2021-11-22,0.8419762174098951
2021-11-23,0.8333594938216141
2021-11-24,0.8317140893173195
2021-11-25,0.824125743544223
2021-11-26,0.8004026911023668
2021-11-29,0.7857239509193156
2021-11-30,0.7476685592426809
2021-12-01,0.7805279366952266
2021-12-02,0.8051819416855653
2021-12-03,0.8176632008530121
2021-12-06,0.8203261581428579
2021-12-07,0.8303230730094121
2021-12-08,0.8357788879447058
2021-12-09,0.8508094415908464
2021-12-10,0.8403416379352339
2021-12-13,0.835703112737271
2021-12-14,0.8282825549234939
2021-12-15,0.8290619570571073
2021-12-16,0.8382740572752315
2021-12-17,0.8444010240478032
2021-12-20,0.8147783304556796
2021-12-21,0.821289585780241
2021-12-22,0.8264044122820785
2021-12-23,0.8338141450662221
2021-12-24,0.8415323911949207
2021-12-27,0.834561072110935
2021-12-28,0.8457595652668096
2021-12-29,0.8311728378356434
2021-12-30,0.8227076646622319
